Unnamed: 0	V1	V2	V3	V4	V5	V6	V7	V8	V9	V10	V11	V12	V13	V14	V15	V16	V17	V18	V19	V20	V21	V22	V23	V24	V25	V26	V27	V28	V29	V30	V31	V32	V33	V34	V35	V36	V37	V38	V39	V40	V41	V42	V43	V44	V45	V46	V47	V48	V49	V50	V51	V52	V53	V54	V55	V56	V57	V58	V59	V60	V61	V62	V63	V64	V65	V66	V67	V68	V69	V70	V71	V72	V73	V74	V75	V76	V77	V78	V79	V80	V81	V82	V83	V84	V85	V86	V87	V88	V89	V90	V91	V92	V93	V94	V95	mean
Adipocytes	0.0037066666666666	0.00334	0.386143333333333	0.0022299999999999	1.0	1.0	0.0	0.0	1.0	0.0138266666666667	1.0	0.687636666666667	1.0	0.0	1.0	1.0	1.0	1.0	1.0	1.0	1.0	1.0	1.0	0.04397	1.0	1.0	0.592766666666667	0.80808	0.485896666666667	0.0800566666666667	1.0	0.22712	0.179693333333333	1.0	0.549586666666667	1.0	1.0	1.0	0.0	0.0461133333333333	1.0	0.0	1.0	0.620903333333333	1.0	1.0	1.0	0.80808	1.0	0.740073333333333	1.0	1.0	0.0072466666666666	1.0	1.0	1.0	0.151963333333333	1.0	1.0	1.0	1.0	0.0	0.0026933333333333	0.675046666666667	1.0	1.0	1.0	1.0	0.0999766666666667	0.271693333333333	1.0	0.212343333333333	1.0	0.852026666666667	1.0	0.28275	0.0265566666666667	1.0	0.329503333333333	1.0	1.0	1.0	1.0	1.0	1.0	1.0	0.78015	0.0381366666666667	1.0	0.713526666666667	1.0	1.0	1.0	1.0	1.0	0.7128719649122807
Astrocytes	1.0	0.0	0.0	0.12593	1.0	0.202353333333333	0.0	1.0	1.0	0.146823333333333	1.0	1.0	1.0	0.41532	1.0	0.0743333333333334	1.0	0.170636666666667	1.0	1.0	1.0	1.0	1.0	1.0	1.0	0.0	0.0253733333333334	1.0	0.24202	0.0	1.0	0.0024233333333333	0.335	1.0	0.0443366666666667	1.0	0.0	0.08855	0.229633333333333	1.0	1.0	1.0	0.2752	0.0	1.0	1.0	0.0	0.222116666666667	1.0	1.0	0.0111566666666667	1.0	1.0	1.0	1.0	0.0647566666666667	0.0814466666666667	0.0	1.0	0.0	1.0	0.0018099999999999	1.0	0.484906666666667	0.0	0.177873333333333	0.175606666666667	0.216913333333333	1.0	0.0395666666666666	1.0	0.220803333333333	1.0	1.0	0.171896666666667	0.0002299999999999	0.0	1.0	0.02049	1.0	0.0	0.134793333333333	0.0	1.0	0.23167	0.18772	1.0	1.0	0.0	0.00929	1.0	0.0158766666666667	1.0	0.00187	0.12593	0.5260490175438597
B-cells	0.0497433333333334	0.235443333333333	0.0	1.0	0.0518999999999999	0.0009666666666666	0.126183333333333	1.0	0.634726666666667	1.0	1.0	1.0	1.0	1.0	1.0	1.0	1.0	0.05147	0.0807	1.0	0.493326666666667	1.0	0.51396	1.0	0.683366666666667	1.0	0.0676866666666667	1.0	0.00751	0.0037899999999999	0.331623333333333	1.0	0.567423333333333	1.0	0.0	1.0	0.0620733333333333	0.0	1.0	0.0270966666666667	1.0	1.0	0.19409	0.301703333333333	1.0	1.0	0.183453333333333	1.0	1.0	0.612296666666667	0.0	1.0	1.0	1.0	0.0007133333333333	0.266916666666667	0.237053333333333	0.0	1.0	0.03182	1.0	1.0	0.666383333333333	1.0	0.51396	1.0	0.245166666666667	1.0	0.15956	0.0049299999999999	0.16567	1.0	1.0	0.84904	0.0527766666666667	1.0	0.13625	1.0	0.74422	1.0	0.19409	1.0	0.0081633333333333	0.115803333333333	0.857136666666667	0.02101	1.0	1.0	0.0077866666666667	0.178256666666667	0.342233333333333	0.905846666666667	1.0	1.0	0.574163333333333	0.5953629824561404
Basophils	0.34528	0.528666666666667	1.0	0.23613	0.178423333333333	0.507186666666667	0.212623333333333	0.474033333333333	1.0	0.889976666666667	0.55131	0.141123333333333	0.15006	0.223643333333333	1.0	1.0	0.21567	0.789666666666667	0.583986666666667	0.357413333333333	0.244036666666667	0.457643333333333	0.18262	0.142866666666667	0.410523333333333	0.876283333333333	0.583986666666667	0.2107	1.0	0.574336666666667	0.809136666666667	1.0	0.160383333333333	0.05161	0.42859	0.08257	0.430786666666667	0.359686666666667	0.250693333333333	0.213943333333333	0.181506666666667	0.1431	0.299473333333333	1.0	0.35219	0.187783333333333	1.0	1.0	0.85125	0.217573333333333	0.265806666666667	0.19309	0.72763	0.09148	0.178576666666667	0.468306666666667	0.18018	1.0	0.330036666666667	1.0	0.128546666666667	1.0	0.172243333333333	0.832593333333333	1.0	0.500793333333333	0.244923333333333	0.120956666666667	0.911316666666667	0.197256666666667	0.08449	0.287956666666667	0.308023333333333	0.1657	0.135863333333333	1.0	0.455166666666667	0.0733433333333333	0.31462	0.27215	0.68635	1.0	0.70495	0.12303	1.0	0.273656666666667	0.307566666666667	0.08891	0.672546666666667	0.34763	0.179893333333333	0.289296666666667	0.101396666666667	0.703553333333333	0.607476666666667	0.4612186666666667
CD4+ T-cells	0.476713333333333	0.228733333333333	0.0818466666666666	0.458033333333333	0.551576666666667	0.10378	0.31467	1.0	0.63507	0.395783333333333	0.404103333333333	0.110843333333333	1.0	0.271236666666667	0.24682	1.0	0.275236666666667	0.122576666666667	0.0188166666666667	0.579883333333333	0.10164	1.0	0.208533333333333	0.133326666666667	0.52002	1.0	0.0138266666666667	0.454183333333333	0.567123333333333	0.03493	0.457376666666667	0.44188	0.142146666666667	1.0	0.0	0.222413333333333	0.0384466666666666	0.06245	0.45551	0.06125	0.125026666666667	0.633553333333333	0.391736666666667	0.153816666666667	0.341236666666667	1.0	0.354216666666667	0.374806666666667	0.479116666666667	0.25704	0.0	0.0902333333333334	0.293393333333333	0.363466666666667	0.0890733333333333	0.328103333333333	0.26607	0.0	0.56963	0.0332366666666667	1.0	0.640583333333333	0.275236666666667	0.4278	0.242856666666667	1.0	0.345356666666667	1.0	0.651786666666667	0.412696666666667	0.252783333333333	0.547333333333333	0.40746	0.47849	0.133326666666667	0.29208	0.06554	1.0	0.331993333333333	0.539706666666667	0.43616	0.57255	0.379356666666667	0.528493333333333	0.105126666666667	0.0886433333333333	0.59579	0.41536	0.0	0.199596666666667	0.282893333333333	0.349553333333333	1.0	0.530323333333333	0.346023333333333	0.3916782807017543
CD4+ Tcm	0.06662	0.00012	1.0	0.01659	0.0	0.0063966666666667	0.53253	0.0003466666666667	0.394166666666667	0.0	0.0	0.0	0.0	0.0	0.0	0.0307266666666667	0.0	0.0137933333333333	0.0	0.0	0.0	4.99999999999945e-05	0.0607366666666667	0.0019166666666666	0.0	1.0	0.0007366666666667	0.0030166666666666	1.0	0.04842	0.0	0.425196666666667	0.0	0.0	0.0235133333333334	0.0	0.0003366666666666	0.0	1.0	0.0	0.0	0.161116666666667	0.00495	0.0	0.0	0.0036	0.0	1.0	0.0444433333333333	0.0007599999999999	0.0	0.0	0.0105966666666667	1.0	0.0019466666666666	0.0038333333333333	0.277453333333333	0.0	2.66666666666193e-05	1.0	1.0	1.0	0.0022299999999999	0.0102566666666667	0.0	1.0	0.0013199999999999	0.0	0.03701	0.0	1.0	0.0	0.0	0.115903333333333	0.708776666666667	0.0	1.0	9.99999999995449e-06	0.0910300000000001	1.0	0.0267866666666666	0.0332166666666667	0.0077966666666666	0.00668	0.0	0.0	0.0	3.33333333335517e-06	0.112173333333333	0.0879666666666666	0.17995	0.0005433333333333	0.0	1.0	0.0	0.18479571929824562
CD4+ Tem	1.0	1.0	1.0	1.0	0.08446	0.75984	1.0	1.0	1.0	1.0	0.691183333333333	0.537496666666667	1.0	0.6233	0.513296666666667	1.0	0.69395	0.43814	0.672436666666667	1.0	1.0	1.0	0.525686666666667	1.0	1.0	1.0	0.143786666666667	1.0	1.0	1.0	0.56913	1.0	1.0	0.57511	0.734206666666667	1.0	1.0	1.0	1.0	0.568096666666667	0.377706666666667	1.0	1.0	1.0	1.0	0.771076666666667	1.0	1.0	1.0	1.0	0.133423333333333	1.0	1.0	1.0	0.65996	1.0	1.0	0.128653333333333	0.79504	1.0	1.0	1.0	1.0	1.0	0.80845	1.0	1.0	1.0	0.0039299999999999	0.109003333333333	1.0	0.57511	1.0	1.0	1.0	1.0	1.0	0.4919	1.0	0.55774	0.447203333333333	1.0	0.65002	0.79504	1.0	1.0	0.637133333333333	1.0	0.727966666666667	1.0	1.0	1.0	0.22976	0.868256666666667	0.774806666666667	0.8281294736842103
CD4+ memory T-cells	0.0755766666666666	0.0887133333333333	0.0198	0.178143333333333	0.109446666666667	0.0030233333333333	0.0725633333333333	1.0	0.27061	0.415656666666667	0.32545	0.11909	0.538086666666667	0.283543333333333	0.236146666666667	0.305206666666667	0.217753333333333	0.03499	0.0399233333333333	0.120563333333333	0.0894833333333334	0.393373333333333	0.15545	0.0969966666666666	0.522526666666667	0.408163333333333	0.02015	0.200026666666667	0.0	0.172773333333333	0.199696666666667	0.258776666666667	0.0263966666666666	1.0	0.0	0.0372366666666667	0.147776666666667	0.04299	0.19637	0.05814	0.18668	0.197683333333333	0.110243333333333	0.0721633333333334	0.109236666666667	0.435563333333333	0.238083333333333	0.127253333333333	0.331873333333333	0.06694	0.0043499999999999	0.26147	0.0254666666666666	0.0683866666666667	0.02965	0.0473633333333333	0.03499	0.0	0.111396666666667	0.0070866666666666	0.41927	0.460193333333333	0.172123333333333	0.344676666666667	0.07267	0.41927	0.0820366666666666	1.0	0.338693333333333	0.0914199999999999	0.0291466666666667	0.377123333333333	0.187266666666667	0.0676133333333333	0.0270166666666667	0.0844666666666667	0.0720433333333333	0.264223333333333	0.0529166666666666	0.19665	0.08644	0.278243333333333	0.102293333333333	0.0754	0.02117	0.0372366666666667	0.180223333333333	0.138603333333333	0.02255	0.02301	0.227786666666667	0.42967	0.30734	0.144426666666667	0.182433333333333	0.18907515789473686
CD4+ naive T-cells	1.0	0.960233333333333	0.269956666666667	1.0	1.0	0.598563333333333	1.0	1.0	0.557773333333333	1.0	1.0	0.53185	1.0	1.0	1.0	1.0	1.0	0.762616666666667	1.0	1.0	0.931976666666667	1.0	0.733196666666667	0.525916666666667	0.504296666666667	1.0	0.2778	1.0	1.0	0.0636933333333334	1.0	1.0	1.0	1.0	0.0075666666666667	1.0	0.216646666666667	0.0943366666666666	0.671986666666667	0.449843333333333	1.0	1.0	1.0	0.827823333333333	1.0	1.0	0.382046666666667	0.72345	1.0	1.0	0.00988	1.0	1.0	1.0	0.36474	1.0	1.0	0.0	1.0	0.15018	0.736976666666667	1.0	1.0	1.0	0.659843333333333	1.0	1.0	1.0	1.0	1.0	1.0	1.0	0.79734	1.0	0.439043333333333	0.530483333333333	0.283616666666667	1.0	1.0	1.0	1.0	1.0	0.848426666666667	1.0	1.0	1.0	1.0	1.0	0.18503	0.975126666666667	1.0	1.0	1.0	0.66318	1.0	0.8182677894736842
CD8+ T-cells	0.372633333333333	0.320973333333333	0.305613333333333	0.47502	0.02246	0.0362966666666666	0.51462	0.558813333333333	0.449183333333333	0.66021	0.367386666666667	0.278883333333333	0.478443333333333	0.94136	0.114503333333333	1.0	0.0948766666666667	0.14558	0.504376666666667	0.0289333333333334	0.0153366666666667	0.26588	1.0	0.504376666666667	0.0	1.0	0.0066466666666666	0.0823233333333333	1.0	0.594546666666667	0.268106666666667	0.33819	0.0144133333333333	0.285293333333333	0.0210266666666666	0.689833333333333	0.343206666666667	0.340726666666667	1.0	0.122336666666667	0.605663333333333	1.0	0.647713333333333	0.141613333333333	0.10186	0.41611	0.121626666666667	0.277906666666667	0.375256666666667	0.41335	0.0001566666666666	0.607863333333333	0.16603	0.430616666666667	0.03143	0.0774266666666666	0.206386666666667	0.0	0.0145466666666667	0.09234	1.0	1.0	0.2389	0.575273333333333	0.261743333333333	1.0	0.211806666666667	1.0	0.0960933333333334	0.33949	1.0	0.57734	0.198266666666667	0.01088	0.16134	0.274553333333333	1.0	0.214596666666667	0.324613333333333	0.570976666666667	0.262776666666667	1.0	0.471676666666667	0.0461066666666666	0.05642	0.09997	0.1637	0.390496666666667	0.394646666666667	0.411923333333333	1.0	0.588106666666667	1.0	0.251966666666667	0.312693333333333	0.3978596140350877
CD8+ Tcm	0.16049	0.0749433333333334	0.0	0.0269066666666666	0.0257666666666667	0.0	0.04799	1.0	1.0	0.35935	0.0355766666666667	0.0720033333333333	0.598513333333333	0.04097	0.04799	1.0	0.115473333333333	0.0	0.07522	0.126906666666667	0.08815	1.0	0.0278633333333334	0.11595	0.0726666666666667	0.194486666666667	0.0	0.0874333333333334	0.0294166666666666	0.139343333333333	0.0508166666666666	0.0305833333333333	0.03309	0.33175	0.0	0.218163333333333	0.07522	0.0055466666666667	0.0830966666666667	0.0569733333333333	0.125	1.0	0.115013333333333	0.04294	0.139343333333333	0.431936666666667	0.0779	0.251156666666667	0.0043633333333333	0.0618133333333334	0.0	0.297053333333333	0.01342	0.0763933333333333	0.0054699999999999	0.13407	0.0	0.0	0.0596033333333333	0.0	1.0	0.0468	0.1178	0.0590966666666667	0.01093	0.228126666666667	0.0532766666666666	1.0	0.02199	0.0229333333333334	0.0127733333333333	0.3052	0.354726666666667	0.0	0.26807	0.47108	0.0024333333333332	0.125493333333333	0.354726666666667	0.0061433333333332	0.0	0.0654366666666667	0.124556666666667	0.157673333333333	0.31034	0.00768	0.0183266666666667	0.251156666666667	0.0013366666666666	0.0	0.312546666666667	0.129973333333333	1.0	0.0172566666666667	0.06271	0.18110231578947367
CD8+ Tem	1.0	1.0	1.0	1.0	0.467353333333333	1.0	1.0	1.0	1.0	1.0	1.0	1.0	1.0	1.0	1.0	1.0	1.0	1.0	1.0	1.0	1.0	1.0	1.0	1.0	0.31769	1.0	0.36411	1.0	1.0	1.0	1.0	1.0	1.0	0.66729	0.44452	1.0	1.0	1.0	1.0	0.92952	1.0	1.0	1.0	1.0	1.0	0.882843333333333	1.0	1.0	1.0	1.0	0.42943	1.0	1.0	1.0	1.0	1.0	1.0	0.18017	1.0	1.0	1.0	1.0	1.0	1.0	0.964836666666667	1.0	1.0	0.769973333333333	0.635563333333333	1.0	1.0	1.0	1.0	1.0	1.0	1.0	1.0	1.0	1.0	1.0	1.0	1.0	1.0	0.915366666666667	1.0	0.946653333333333	1.0	1.0	1.0	1.0	1.0	1.0	1.0	1.0	1.0	0.9464770526315789
CD8+ naive T-cells	0.0073066666666666	0.0150433333333333	1.0	0.0096	0.0	0.0065166666666666	0.0040566666666667	0.0	0.0	0.0	0.0607566666666667	0.0	0.0	0.0	0.0	0.0	0.0010799999999999	0.775	0.0	0.0	0.0	0.0	1.0	0.0	0.0	0.0	0.0	0.0	0.0	1.0	0.0	0.03895	0.0	0.0	1.0	0.0	1.0	1.0	0.0	0.0	0.286163333333333	0.0007633333333333	0.0164	0.0020466666666666	0.0	0.0	0.59773	0.0145233333333333	0.189736666666667	0.0	1.0	0.0	0.0	0.0	0.0	0.0	0.0224366666666667	1.0	0.0	1.0	0.0	1.0	0.0	0.104763333333333	0.0003833333333332	0.0	0.0107266666666667	0.0	0.0	0.0	0.0067899999999999	0.0	0.0	0.0	0.0689033333333333	0.0	1.0	0.0	0.0	0.0842533333333333	0.0058666666666666	1.0	0.0	0.0	0.0	0.51872	0.0	0.0	0.359856666666667	0.0202033333333334	0.0	0.0	0.0	0.0	0.0	0.16030080701754387
CLP	0.0	0.0072166666666666	0.22289	0.0013433333333333	0.0	0.0054433333333333	0.0	0.0	0.106243333333333	0.0013433333333333	0.6026	0.124563333333333	0.0	0.03976	0.34978	0.0525233333333334	0.353183333333333	0.0283666666666667	0.0	0.0	0.0298366666666666	0.0	0.258566666666667	0.0678466666666667	0.0	0.0	0.0187333333333334	0.0	0.0	1.0	0.0	0.0093966666666667	0.0	0.0	0.0686133333333333	0.01086	1.0	0.580586666666667	0.0	0.62635	1.0	0.0	0.0	0.0	0.276376666666667	0.0	0.10822	0.0489266666666667	0.496033333333333	0.0051233333333333	0.178203333333333	0.13231	0.0	0.0	0.4344	0.0	0.0	0.839203333333333	0.0	0.0068066666666666	0.0	0.0020366666666666	6.66666666671034e-06	0.25696	0.173083333333333	0.0	0.0005366666666666	0.0	0.0	0.0	0.0	0.0001766666666667	0.0	0.0	0.0	0.850366666666667	0.0031633333333333	0.0	0.0	0.0	0.03274	0.180993333333333	0.0	0.0	0.0035333333333333	0.19171	0.0	0.0	1.0	0.0	0.0111333333333333	0.0	0.0	0.0	0.0	0.12419042105263157
CMP	0.47235	0.31725	0.256283333333333	1.0	1.0	1.0	1.0	1.0	0.20383	0.321343333333333	0.569646666666667	0.0943233333333333	1.0	0.14894	0.256283333333333	1.0	0.296636666666667	1.0	0.11574	1.0	0.40399	1.0	0.83197	0.23034	0.33575	1.0	1.0	0.213613333333333	1.0	0.134556666666667	0.800836666666667	1.0	0.775703333333333	1.0	1.0	0.296636666666667	0.0899533333333333	0.622233333333333	0.5085	0.0249166666666667	1.0	1.0	0.106933333333333	0.759743333333333	0.466006666666667	1.0	1.0	1.0	1.0	0.337256666666667	1.0	0.347663333333333	1.0	1.0	0.0889366666666667	1.0	0.315956666666667	1.0	1.0	1.0	0.501476666666667	1.0	1.0	1.0	1.0	1.0	0.62835	1.0	1.0	1.0	0.122213333333333	1.0	0.818433333333333	0.39686	0.14486	0.441506666666667	1.0	1.0	0.851166666666667	1.0	1.0	0.59954	1.0	0.201736666666667	0.155636666666667	0.56188	1.0	0.112366666666667	0.106006666666667	0.420626666666667	0.0	1.0	1.0	1.0	0.372176666666667	0.6755679999999998
Chondrocytes	0.0	0.0	0.0	0.0	0.0	0.0	0.0	0.0	0.0	0.0	0.0	0.167053333333333	0.0	1.0	0.0	0.0	0.0	0.0	1.0	0.0	0.0	0.0206666666666667	1.0	0.0	0.0	0.0	0.0	0.0	0.0	0.0	0.0	0.0	0.0	0.0300266666666666	0.0	0.0	0.0	0.0	0.0	0.0002633333333332	0.0	0.0	0.0	0.0	0.0	0.0	0.0	0.0	0.0	0.0	0.0	0.0	0.0243133333333333	0.0	0.0	0.0	0.0	0.0	0.0	0.0	0.0100133333333333	0.0	0.0	0.0	0.0	0.0	0.0	0.0	0.0	0.0	1.0	0.0	0.0	0.0	0.0	0.0	0.0	1.0	0.0	1.0	0.0	0.0	0.0	1.0	0.0	0.0	0.0033533333333333	0.0	0.0	0.0	0.0	0.0	0.0	0.0	0.0	0.0763756842105263
Class-switched memory B-cells	0.0	0.06865	0.0	0.0	0.0	0.0	0.0127366666666666	1.0	0.147126666666667	0.0019633333333333	0.868193333333333	0.468536666666667	0.499363333333333	0.45566	0.845106666666667	0.389203333333333	0.102386666666667	0.0	0.0103666666666666	0.223796666666667	0.0026199999999999	0.331333333333333	0.0	3.33333333333297e-05	0.0	1.0	0.195216666666667	0.0567066666666667	1.0	0.0	0.0388633333333334	0.323783333333333	0.0	1.0	0.0	1.0	0.0	0.0	1.0	0.0	1.0	1.0	0.78145	1.33333333333097e-05	0.423873333333333	0.860186666666667	0.0	0.0463966666666666	0.0	0.149726666666667	0.0	0.0520033333333333	0.243093333333333	1.0	0.0	0.0336933333333334	0.0194866666666667	0.0	1.0	0.0597466666666666	1.0	1.0	0.11416	0.25775	0.0199033333333334	1.0	0.0022066666666666	1.0	0.0394333333333333	0.0	1.0	0.0567066666666667	0.249666666666667	0.0178533333333334	0.297066666666667	1.0	0.41959	0.228546666666667	0.583336666666667	1.0	0.0	0.0669133333333334	0.0	0.0190866666666667	0.0	0.0019633333333333	1.0	0.01144	0.0	0.192233333333333	0.449266666666667	1.0	0.321956666666667	1.0	0.863993333333333	0.3360462105263157
DC	0.0825466666666667	0.0955333333333334	0.0	0.0305533333333333	0.0	0.0	0.0522033333333334	0.338423333333333	0.0	0.04878	0.0	0.05367	0.684486666666667	0.0	0.48494	0.0028666666666666	0.22136	0.0	0.773263333333333	0.694943333333333	0.0439633333333334	1.0	1.0	0.302556666666667	0.568643333333333	0.0	0.0	0.596983333333333	0.0	0.0	0.0013233333333333	0.0	1.0	0.409483333333333	0.0	0.47638	0.09221	0.0018333333333333	0.0041133333333333	0.228726666666667	0.649926666666667	0.519203333333333	0.0	0.0	0.0590966666666667	0.753736666666667	0.0	0.0	0.543813333333333	0.424886666666667	0.0	0.41199	0.112426666666667	0.00195	0.0	0.0096166666666667	0.0	0.0	0.0018799999999999	0.0	1.0	0.0	0.0	0.24982	0.0	0.0	0.199736666666667	0.816703333333333	0.0	0.35257	0.74257	0.543813333333333	0.97922	0.04066	0.192896666666667	1.0	0.0	0.07745	0.0	0.629796666666667	0.0	0.0013733333333333	0.0	0.50188	1.0	0.0	0.150333333333333	0.0979100000000001	0.0	7.66666666666138e-05	1.0	0.04756	0.626406666666667	0.0	0.516366666666667	0.24784691228070171
Endothelial cells	0.0	6.66666666671034e-06	0.0	0.0	1.0	0.02584	0.0	0.0	0.0	0.0	0.0	0.0	0.0	0.0	0.0689833333333333	0.0	0.0	0.0	1.0	0.0	0.0430966666666667	0.20775	0.0	0.0	0.0	0.0069099999999999	0.0	0.0	0.0	0.0	0.0	0.0	0.0	0.0	0.312036666666667	0.0	0.0	0.0	0.0	0.0	0.0	0.0	0.0	0.0	1.0	0.0	0.0	0.0	1.0	0.0	0.0	0.0	0.0	0.0	0.0006133333333333	0.0	0.0	1.0	0.180676666666667	0.0	0.0	0.0	0.0	0.0	0.0	0.0	0.0	0.0	0.0	1.0	0.0	0.0	0.0	0.0	0.0	0.0	0.0	0.0	1.0	0.0	0.0	0.0	0.0	0.0	0.0	0.01642	0.0	0.0	0.0	0.0	0.0	0.0	0.25105	0.0	0.0	0.0854040350877193
Eosinophils	0.0240166666666667	0.0695733333333334	0.159166666666667	0.0	0.125246666666667	0.01356	0.488356666666667	0.04544	0.0036833333333333	0.0003733333333333	0.0	0.11171	0.20084	0.0802466666666667	0.0	0.0	0.17966	0.0009833333333333	0.06442	0.0306866666666666	0.129453333333333	0.0273600000000001	0.179036666666667	0.0635	0.0	0.0158166666666667	0.0	0.16591	0.36801	0.0194033333333333	0.0029133333333333	0.0	0.681206666666667	0.2178	0.172733333333333	0.177973333333333	0.0134300000000001	0.0224166666666666	0.0335466666666666	0.255416666666667	0.0035633333333333	0.158083333333333	0.08548	0.0045933333333333	0.0423433333333333	0.167363333333333	0.0	0.0	0.0	0.168196666666667	0.0	0.0732	0.0252133333333333	1.0	0.294396666666667	0.04518	0.213036666666667	0.0	0.0463866666666667	0.0	0.160623333333333	0.0	0.173606666666667	0.0225133333333334	0.0	0.0422066666666666	0.0420933333333333	0.0400033333333333	0.01691	0.0400833333333334	1.0	0.02963	0.02096	0.455763333333333	1.0	0.0	0.08827	0.132443333333333	0.0191633333333333	0.0397066666666667	0.0523933333333333	0.0	0.0327466666666667	0.258136666666667	0.151253333333333	0.0	0.0304933333333334	0.1346	0.0616233333333334	0.0896733333333334	0.0	0.0730233333333333	0.0371066666666666	0.0022333333333333	0.0535733333333334	0.11338694736842106
Epithelial cells	0.0	0.0	0.0	0.0	0.0	0.0	0.0	0.0	0.0	0.0	0.0	0.0	0.0	0.0	0.0	0.0	0.0	0.0	0.0	0.0	0.0	0.0	0.0	0.0	0.0	0.0	0.0	0.0	0.0	0.0	0.0	0.0	0.0	0.0	0.0	0.0	0.0	1.0	0.0	1.0	0.0	0.0262533333333334	0.0	0.0	0.0	0.0	0.0	0.0	0.0	0.0	0.0	0.0	0.0	0.0	0.0	0.0	0.0	0.0	0.0	0.0	0.0003233333333333	0.0	0.0	0.0	0.0	0.0	0.0	0.0	0.0	0.0	0.0	0.0	0.0	0.0	1.0	0.588903333333333	0.0	0.0	0.0	0.0	0.0	0.0	0.0	0.0	0.0001666666666666	0.0	0.0	0.0	0.0	0.0	0.0	0.0	0.0	0.0	0.0	0.038059438596491225
Erythrocytes	1.0	1.0	1.0	0.199656666666667	1.0	1.0	1.0	1.0	1.0	1.0	1.0	1.0	1.0	1.0	1.0	1.0	1.0	1.0	0.0321033333333334	0.109033333333333	1.0	1.0	0.02444	1.0	1.0	0.190586666666667	1.0	1.0	1.0	1.0	0.137686666666667	1.0	0.135623333333333	1.0	1.0	1.0	1.0	1.0	1.0	1.0	1.0	1.0	1.0	1.0	1.0	1.0	1.0	1.0	1.0	1.0	1.0	1.0	1.0	0.112163333333333	1.0	1.0	1.0	1.0	1.0	1.0	0.177146666666667	1.0	1.0	1.0	1.0	1.0	1.0	1.0	1.0	1.0	0.0168033333333333	1.0	0.0175133333333334	1.0	0.03977	1.0	1.0	1.0	0.0377466666666667	0.0619866666666666	0.005	1.0	1.0	0.0467533333333333	1.0	1.0	1.0	1.0	1.0	1.0	1.0	1.0	1.0	1.0	1.0	0.8457264561403508
Fibroblasts	0.01928	0.02341	0.0115833333333333	1.0	0.353453333333333	0.697206666666667	0.0	0.0	0.0	0.0	1.0	1.0	1.0	0.0	1.0	0.0	1.0	0.335816666666667	0.08303	1.0	1.0	1.0	1.0	0.0	0.0	0.0040366666666666	0.0	0.677643333333333	0.0	0.0	1.0	0.0	1.0	1.0	0.124516666666667	0.13241	0.0159266666666666	0.0	0.0	0.0	0.0980066666666667	0.0	0.0	0.0	1.0	0.0	0.00136	0.460776666666667	1.0	1.0	1.0	1.0	0.528783333333333	0.0044533333333333	0.0145633333333334	1.0	0.18221	0.0	1.0	0.0	1.0	0.0	0.436273333333333	0.123913333333333	0.0	0.0	0.16313	0.0278833333333334	0.0012533333333333	0.237996666666667	0.383163333333333	0.0	1.0	0.253323333333333	1.0	0.0	0.0	0.0	0.0	1.0	0.0	1.0	0.0	1.0	1.0	0.0597566666666667	0.0390533333333334	1.0	0.0	0.0	0.0	0.0	1.0	0.0	0.0	0.36309698245614036
GMP	0.7371	1.0	0.28789	1.0	1.0	0.733983333333333	0.905323333333333	1.0	0.204966666666667	1.0	0.84956	0.56981	1.0	0.721916666666667	1.0	1.0	0.865373333333333	0.67714	1.0	1.0	1.0	1.0	1.0	0.719996666666667	1.0	1.0	0.679056666666667	0.812873333333333	1.0	0.319843333333333	0.9721	0.77647	0.782286666666667	1.0	0.498376666666667	0.403256666666667	1.0	0.829696666666667	0.650283333333333	1.0	1.0	0.846896666666667	0.26811	0.794016666666667	1.0	1.0	0.57721	0.846896666666667	1.0	0.807633333333333	0.723016666666667	0.846896666666667	1.0	1.0	0.491636666666667	1.0	0.78933	1.0	1.0	0.385176666666667	0.524043333333333	1.0	1.0	1.0	0.668506666666667	0.984093333333333	0.882863333333333	1.0	1.0	1.0	0.50899	1.0	1.0	0.73939	0.750506666666667	1.0	0.67053	1.0	0.89624	1.0	0.40405	1.0	0.595403333333333	1.0	0.782286666666667	0.905323333333333	1.0	0.771843333333333	0.359913333333333	0.579013333333333	0.0274133333333333	1.0	1.0	0.56417	1.0	0.8209337192982457
HSC	0.10517	0.209113333333333	0.0	0.224143333333333	0.226066666666667	0.282926666666667	0.108583333333333	0.0	0.0	0.09748	0.219226666666667	0.221976666666667	1.0	0.797116666666667	0.246396666666667	0.0	0.10701	0.23092	1.0	0.203596666666667	0.56087	0.72408	0.75122	0.0572466666666667	0.168836666666667	0.0045833333333333	0.0948733333333334	0.24203	0.0	0.0	0.270283333333333	0.0135566666666667	0.21262	0.829073333333333	0.23092	0.0	0.0	0.0045833333333333	0.0	0.22999	0.11067	0.0047333333333333	0.05067	0.0141233333333334	1.0	0.01595	0.0	0.0	0.768576666666667	0.229523333333333	0.171646666666667	0.162816666666667	0.07786	0.0063233333333333	0.02208	0.0768333333333333	0.170656666666667	0.00366	0.595573333333333	0.0	0.0	0.0054566666666666	0.233853333333333	0.0081233333333333	0.0	0.0104233333333333	0.21765	0.0	0.116883333333333	0.194243333333333	0.21765	0.04081	0.775413333333333	0.142306666666667	0.02039	0.0011733333333333	0.0	0.605436666666667	0.03909	0.24593	0.44877	0.108206666666667	0.0	1.0	0.0005699999999999	0.20072	0.149423333333333	0.0717133333333333	0.0	0.154413333333333	0.0	0.120746666666667	0.163716666666667	0.0	0.16836	0.195975403508772
Hepatocytes	0.16744	0.0	0.0	0.0002166666666666	0.0	0.14396	0.0	0.812943333333333	0.33144	0.0	0.760596666666667	1.0	1.0	0.01516	0.0245333333333333	0.0143833333333333	1.0	0.0	0.0	1.0	1.0	0.74463	0.0	0.0	0.0	0.0	0.0	0.0	0.0	0.0121	0.0	0.0	0.0	1.0	0.0	1.0	0.644206666666667	0.1329	0.0245333333333333	0.0	1.0	0.0	0.186433333333333	0.0121	0.95279	0.0	1.0	0.00377	0.83946	0.0	7.9999999999969e-05	0.138453333333333	0.0	0.0	1.0	0.0	0.0	1.0	0.0	0.227843333333333	1.0	0.0	0.0	0.0	0.0	0.0	0.0023699999999999	0.0	0.0	0.0	1.0	0.0	1.0	0.00988	0.07274	0.0245333333333333	0.0	0.0	1.0	0.0	0.894823333333333	0.0	0.0	1.0	1.0	0.0844433333333333	0.0	0.0	0.0	0.02036	0.152563333333333	0.0	0.0006233333333333	0.0	0.0	0.25739273684210523
Keratinocytes	0.0	0.0	0.0	0.0	0.0	0.0	0.0	0.0	0.0	0.0	0.0	0.0	0.0	0.0	0.0	0.0	0.0	0.0	0.0	0.0	0.0	0.0	0.0	0.0	0.0	0.0	0.0	0.0	0.0	0.0	0.0	0.0	0.0	0.0	0.0	0.0	0.0	0.198683333333333	0.0	0.0	0.0	0.0	0.0	0.0	0.0	0.0	0.0	0.0	0.0	0.0	0.0	0.0	0.0	0.0	0.0	0.0	0.0	0.0	0.0	0.0	0.0	0.0	0.0	0.0	0.0	0.0	0.0	0.0	0.0	0.0	0.0	0.0	0.0	0.0	1.0	0.0	0.0	0.0	0.0	0.0	0.0	0.0	0.0	0.0	0.10316	0.0	0.0	0.0	0.0	0.0	0.0	0.0	0.0	0.0	0.0	0.013703614035087713
MEP	0.221756666666667	0.206873333333333	1.0	0.0580533333333333	0.0	0.114643333333333	0.151293333333333	0.0464	0.276246666666667	0.149966666666667	0.20813	0.474713333333333	0.0	0.22845	0.202556666666667	0.09862	0.13254	1.0	0.10867	0.0017033333333332	0.01983	0.0	1.0	0.09955	0.0618300000000001	0.11682	1.0	0.0014199999999999	0.0	1.0	0.0673366666666667	1.0	0.0027599999999999	0.0	1.0	0.0231033333333334	1.0	1.0	0.09366	1.0	1.0	0.0973666666666667	0.18511	0.328676666666667	0.04821	0.0	1.0	0.69654	0.01562	0.10598	1.0	0.06468	0.0484866666666667	0.0679133333333334	0.0554233333333334	0.0890566666666667	0.08625	1.0	0.01562	1.0	0.0171966666666666	1.0	0.0562866666666667	0.15491	0.809233333333333	0.0	1.0	0.0	0.00531	0.105323333333333	0.140316666666667	0.0384466666666666	0.00768	0.0677133333333333	0.0712733333333333	1.0	1.0	0.0	0.115583333333333	0.03696	0.56067	0.34152	0.145996666666667	0.0	0.0	1.0	0.0138633333333333	0.08841	1.0	0.67594	0.12769	0.188176666666667	0.0	0.0810933333333334	0.285686666666667	0.317969894736842
MPP	0.801936666666667	1.0	0.87224	0.94589	0.15032	0.14368	0.732146666666667	1.0	0.72895	1.0	1.0	0.73371	0.430383333333333	0.59843	1.0	1.0	1.0	0.64122	1.0	0.967053333333333	0.827116666666667	0.536966666666667	0.801116666666667	0.877173333333333	0.612903333333333	1.0	0.473913333333333	0.880426666666667	0.831166666666667	0.69113	0.87881	0.83034	0.766266666666667	0.52732	0.135426666666667	1.0	1.0	0.549806666666667	0.852233333333333	0.827836666666667	1.0	1.0	0.92214	1.0	1.0	1.0	1.0	1.0	1.0	0.83381	0.0281133333333333	1.0	0.842766666666667	1.0	0.17068	1.0	0.97246	0.0009266666666666	0.85734	0.789226666666667	0.70861	1.0	0.895536666666667	1.0	1.0	0.941963333333333	0.863053333333333	1.0	0.17348	0.44155	0.63597	1.0	0.668836666666667	0.839503333333333	0.94589	1.0	1.0	0.203826666666667	1.0	0.791816666666667	0.88963	1.0	0.888763333333333	0.207546666666667	1.0	0.693373333333333	0.882123333333333	1.0	1.0	0.606086666666667	0.574306666666667	1.0	0.844513333333333	0.89641	1.0	0.7963807017543861
MSC	0.0696533333333333	0.367726666666667	1.0	0.0090033333333333	0.0	0.0170933333333333	0.375706666666667	0.0	0.0	0.0	0.0095833333333333	0.0	0.0	0.0	0.00026	0.0	4.33333333332842e-05	8.33333333333242e-05	0.0	0.00153	0.0	0.0	0.0	0.0	0.0	0.0002199999999999	0.0057266666666666	0.0	0.0098399999999999	1.0	0.0	0.0	0.0	0.0	0.470316666666667	0.0	1.0	0.0	0.0	0.0	0.0	0.0	0.0	0.08611	0.08611	0.0	0.388153333333333	0.0	0.0	0.0015533333333333	0.18775	2.000000000002e-05	0.0	0.0	0.0	0.0	0.339666666666667	0.820983333333333	0.0	1.0	0.0	0.29872	0.0	0.0	0.286556666666667	0.0	0.206103333333333	0.0	0.0	0.0269233333333333	0.0	0.0	0.0005666666666667	0.0008733333333332	0.253273333333333	0.0602666666666667	1.0	0.0	0.216386666666667	0.0	0.0516366666666667	0.231486666666667	0.0622166666666667	0.0	0.0011833333333333	0.429893333333333	0.0	0.0	0.353793333333333	0.57964	0.0	0.0449733333333333	0.0	0.0021299999999999	0.0	0.1195132280701754
Macrophages	0.10182	0.31545	0.0210900000000001	0.140686666666667	0.0237366666666666	0.0974033333333333	0.108636666666667	0.0757033333333333	0.03198	0.0535133333333333	0.162086666666667	0.0381566666666666	0.190766666666667	0.0012166666666666	0.0263600000000001	0.100743333333333	0.0792333333333334	0.0362166666666667	0.00029	0.0855366666666667	0.231576666666667	0.165996666666667	0.01449	0.172843333333333	1.0	0.0094233333333333	0.0	0.0566866666666667	0.0	0.12435	0.114713333333333	0.0015366666666666	0.0894566666666666	0.170363333333333	0.0	0.0489366666666666	1.0	0.0002966666666666	0.142136666666667	0.0156466666666667	0.0372	0.0620733333333333	0.0	0.0832266666666667	0.218933333333333	0.164446666666667	0.0899799999999999	0.0095366666666666	0.0263600000000001	0.0247666666666667	0.04177	0.0446466666666666	0.0072933333333333	5.33333333333497e-05	0.108636666666667	0.257066666666667	0.05872	0.0016599999999999	0.0102133333333333	0.0318833333333334	0.0	0.0185866666666666	0.0563966666666667	0.0059366666666667	0.10182	0.0	0.0003199999999999	0.0974033333333333	0.0	0.00504	0.0005566666666666	0.0415866666666667	0.114713333333333	0.0105066666666667	0.1677	0.864786666666667	0.0599066666666667	0.0062166666666666	0.03539	0.00504	0.0116866666666666	0.02961	0.0674366666666667	0.0	0.21208	0.38741	0.0002266666666667	0.0246533333333333	0.0058099999999999	0.0926266666666666	0.0002333333333333	0.0299533333333334	0.01028	0.0440333333333334	0.03322	0.09335487719298247
Macrophages M1	1.0	1.0	0.271016666666667	1.0	0.0596933333333334	1.0	1.0	1.0	0.3382	1.0	1.0	1.0	1.0	0.220616666666667	1.0	0.41901	0.65355	0.74763	0.36527	1.0	1.0	1.0	0.55545	1.0	1.0	0.886273333333333	0.0486933333333334	1.0	1.0	0.294796666666667	1.0	1.0	1.0	0.768296666666667	0.0	0.761486666666667	1.0	0.0746033333333334	0.848146666666667	0.56718	1.0	0.25602	0.2866	0.901723333333333	1.0	1.0	0.320326666666667	1.0	1.0	1.0	0.0113433333333334	1.0	1.0	0.70652	1.0	1.0	1.0	0.0	1.0	0.509916666666667	0.06076	1.0	1.0	1.0	0.740926666666667	1.0	1.0	0.0166966666666667	0.0166966666666667	1.0	0.316163333333333	0.509916666666667	1.0	1.0	1.0	1.0	0.0680033333333333	0.826036666666667	1.0	0.09026	0.693183333333333	1.0	0.679793333333333	0.413873333333333	1.0	0.848146666666667	1.0	1.0	0.00836	1.0	0.37972	1.0	0.02433	1.0	1.0	0.7322655789473688
Macrophages M2	0.0243466666666666	0.154116666666667	0.10516	0.0565233333333334	0.0001866666666666	0.15213	0.7503	0.0	0.0	0.0031099999999999	0.0	0.0010133333333333	0.0008533333333333	0.0	0.0	0.102966666666667	0.122493333333333	0.00394	0.0	0.0	0.139676666666667	0.0	0.0001866666666666	0.0075733333333333	1.0	0.0	0.0	0.0071566666666667	0.0	0.452	0.0	0.0	0.23425	0.0651133333333334	0.113106666666667	0.0	1.0	0.0	0.333033333333333	0.0	0.0	0.12153	0.0	0.04853	0.0119466666666667	0.0243466666666666	0.08774	0.0	0.0	0.0	0.18682	0.0	0.0	0.0	0.00949	0.276666666666667	0.04126	0.0199066666666666	0.0	0.0293566666666667	0.0	0.0	0.0004499999999999	0.0	0.0408866666666666	0.0	0.0	0.0005766666666666	0.0	0.0	0.0	0.0227466666666667	0.02612	0.0	0.0	0.481636666666667	0.348983333333333	0.0	0.0041233333333333	0.0071566666666667	0.0061766666666667	0.0	0.197216666666667	0.0	0.0	0.28681	0.0	0.0103233333333334	0.04621	0.140516666666667	0.0	0.0	0.00148	0.0891033333333333	0.0	0.07786680701754385
Mast cells	0.0	0.0	0.0	0.0	0.475046666666667	0.0	0.0	0.987353333333333	0.0	0.0	0.0	0.0	0.0070166666666666	0.0	0.0	0.664616666666667	0.0	0.0	0.0	0.0	0.0	0.0038966666666666	0.0	0.0	0.00753	0.0702533333333333	0.0	0.0	0.109523333333333	0.0	0.0	0.0009	0.0	0.0651233333333333	0.0	0.0	0.0	0.0	0.0078333333333333	0.0	0.0087166666666667	0.0	0.0	0.0	0.0	0.0202566666666667	0.0054999999999999	0.0	0.0	0.0	0.0	0.0	0.0	0.0012633333333332	0.0	0.0	0.0	0.102983333333333	0.0007899999999999	0.0	0.0025466666666667	0.0	0.0	0.0	0.0017533333333333	0.0007899999999999	0.0	1.0	0.02758	0.0	0.0	0.0651233333333333	0.0	0.0	0.0	0.0052766666666667	6.66666666671034e-06	0.0662666666666667	0.0141	0.0	0.0	0.0137	0.0	0.00072	0.0	0.0	0.0006399999999999	0.0	0.0	0.0	0.0	0.00151	0.769363333333333	0.0029766666666666	0.0	0.04748375438596489
Megakaryocytes	0.0393866666666667	0.0672766666666667	0.0339233333333333	0.301473333333333	1.0	0.08751	0.0948533333333333	0.871853333333333	0.0930733333333333	0.0571533333333333	0.183313333333333	0.0507066666666667	0.310963333333333	0.0415333333333333	0.183313333333333	0.0147333333333334	0.0632466666666667	0.0161533333333334	0.154623333333333	0.648286666666667	0.138666666666667	1.0	0.0276366666666666	0.01113	0.432186666666667	0.47699	0.05401	0.117563333333333	0.09	0.37851	0.27896	0.0293733333333334	0.384716666666667	1.0	0.27513	0.112406666666667	0.0420233333333333	0.0894866666666667	0.282706666666667	0.128336666666667	0.0398233333333333	0.0002966666666666	0.0267833333333334	0.0825266666666666	1.0	0.368393333333333	0.0476666666666666	0.0	0.320826666666667	0.0184933333333334	0.224813333333333	0.55816	0.0076933333333333	0.17002	0.26267	0.20359	0.322286666666667	0.1769	0.466846666666667	0.148173333333333	0.106883333333333	0.0406	0.0259233333333333	0.20685	0.0571533333333333	0.0652066666666666	0.0925333333333334	1.0	0.35639	0.455186666666667	0.0820466666666667	0.419216666666667	0.446916666666667	0.0192266666666666	0.40641	0.0401066666666666	0.0220866666666667	0.69604	0.616743333333333	0.0011866666666666	1.0	0.0476666666666666	0.0905	0.727183333333333	0.497056666666667	0.366876666666667	0.438773333333333	0.73282	0.0	0.149636666666667	0.0395833333333333	0.0948533333333333	1.0	0.446916666666667	0.178666666666667	0.2639622456140351
Melanocytes	0.00063	0.0401766666666666	0.755023333333333	0.0	0.148236666666667	0.0090933333333332	0.0	0.05008	0.245103333333333	0.0	0.0	0.310146666666667	0.233896666666667	0.0	0.0	0.0	0.0	0.0	0.0	0.0	0.0	0.08746	0.0	0.0117533333333333	0.0003999999999999	0.213056666666667	0.0	0.0	0.288966666666667	0.00588	0.0	0.0	0.0170866666666667	0.0	0.890376666666667	0.0	0.0	0.0	0.764493333333333	0.664656666666667	0.0	0.0	0.0	0.0	0.0330233333333333	0.0592266666666666	0.0159966666666667	0.0	0.0	0.0	0.0	0.0	0.0	0.0430866666666667	0.0	0.0928866666666667	0.0	0.0	0.0	0.0	1.0	0.0	0.0	0.0	0.0	0.0	0.0	0.0580233333333333	0.0	0.0	0.44044	0.09492	0.0148200000000001	0.0	0.372756666666667	0.100886666666667	0.0	0.0112833333333333	1.0	0.0	0.0	0.0	0.0910766666666667	1.0	0.0	0.0	0.0	0.0018	0.0	0.0	0.0	0.0	0.05565	0.0	0.0	0.0970778245614035
Memory B-cells	1.0	1.0	1.0	1.0	1.0	1.0	1.0	1.0	1.0	1.0	1.0	1.0	1.0	1.0	1.0	1.0	1.0	1.0	1.0	1.0	1.0	1.0	1.0	1.0	1.0	1.0	1.0	1.0	0.0469633333333334	1.0	1.0	1.0	1.0	1.0	0.42382	1.0	1.0	1.0	1.0	1.0	1.0	1.0	1.0	1.0	1.0	1.0	1.0	1.0	1.0	1.0	0.0	1.0	1.0	1.0	1.0	1.0	1.0	0.0	1.0	1.0	1.0	1.0	1.0	1.0	1.0	1.0	1.0	1.0	1.0	1.0	1.0	1.0	1.0	1.0	1.0	1.0	1.0	1.0	1.0	1.0	1.0	1.0	1.0	1.0	1.0	1.0	1.0	1.0	1.0	1.0	1.0	1.0	1.0	1.0	1.0	0.9628503508771931
Mesangial cells	0.135896666666667	0.0	0.0	0.0	0.0	0.00644	0.0	0.0	0.0033633333333333	0.0	0.0	0.0	0.0151933333333333	0.173023333333333	0.0	0.0	0.0	1.33333333333097e-05	1.0	0.0	0.0	0.0	0.0	0.0	0.0	0.0	0.00011	0.0921033333333333	0.0823166666666667	0.0	0.0	0.0	0.00536	0.329116666666667	0.0	0.0090566666666667	0.0	0.00148	0.0	0.00011	0.0	1.0	0.0900233333333333	0.0	0.0249466666666667	2.33333333333752e-05	0.0	0.00644	0.191113333333333	0.0215066666666667	0.0	0.0	1.0	0.0	0.0116866666666666	0.00014	0.0	0.0	0.513446666666667	0.0	0.110043333333333	0.0	1.0	0.00014	0.0	0.0175266666666667	0.0	0.0	0.00011	0.0025699999999999	0.01065	2.33333333333752e-05	0.0	0.0	0.0649333333333333	0.0	0.0	0.0202266666666666	0.0	1.0	0.0	0.0	0.0	1.0	0.0033633333333333	2.000000000002e-05	0.0	0.0082733333333333	0.0	0.0	2.000000000002e-05	0.0080066666666667	0.0	0.0	0.0	0.08377701754385966
Monocytes	1.0	1.0	0.52788	1.0	1.0	1.0	1.0	1.0	1.0	1.0	1.0	1.0	1.0	1.0	1.0	1.0	1.0	1.0	1.0	1.0	1.0	1.0	1.0	1.0	1.0	1.0	1.0	1.0	1.0	1.0	1.0	1.0	1.0	1.0	0.534023333333333	1.0	1.0	0.592006666666667	1.0	1.0	1.0	1.0	1.0	1.0	1.0	1.0	1.0	1.0	1.0	1.0	1.0	1.0	1.0	1.0	1.0	1.0	1.0	1.0	1.0	1.0	1.0	1.0	1.0	1.0	1.0	1.0	1.0	1.0	1.0	1.0	0.804003333333333	1.0	1.0	1.0	1.0	1.0	0.32111	1.0	1.0	1.0	0.432796666666667	1.0	1.0	1.0	1.0	1.0	1.0	1.0	0.209933333333333	1.0	1.0	0.505126666666667	1.0	1.0	1.0	0.9571250526315789
Myocytes	0.0	0.0	0.448763333333333	0.0829800000000001	1.0	0.237116666666667	0.0	0.0	1.0	0.738723333333333	0.495866666666667	0.738723333333333	1.0	1.0	1.0	1.0	1.0	0.817183333333333	0.476426666666667	1.0	0.207743333333333	1.0	0.325913333333333	0.220136666666667	1.0	1.0	1.0	0.6383	0.0	1.0	0.367353333333333	0.0026866666666666	0.0	1.0	1.0	1.0	1.0	1.0	0.914006666666667	0.09797	0.88627	1.0	0.16332	1.0	0.389866666666667	1.0	1.0	0.41472	1.0	0.0115666666666666	1.0	0.790633333333333	0.0373533333333333	0.0195466666666667	0.0244366666666667	1.0	0.0	1.0	1.0	0.06634	1.0	0.0	0.101066666666667	0.954283333333333	1.0	1.0	0.141803333333333	1.0	1.0	0.288886666666667	0.0	1.0	0.121486666666667	0.0211866666666667	0.0	0.178596666666667	0.65016	1.0	0.228563333333333	1.0	1.0	0.23274	1.0	1.0	0.0211866666666667	0.332413333333333	1.0	0.132273333333333	1.0	0.0	1.0	0.38216	1.0	0.486006666666667	0.65016	0.5951254736842104
NK cells	0.413903333333333	0.536393333333333	0.436446666666667	1.0	1.0	0.783653333333333	0.69101	1.0	1.0	1.0	1.0	0.799753333333333	1.0	1.0	0.910626666666667	1.0	0.844373333333333	0.814763333333333	0.622733333333333	1.0	0.818603333333333	1.0	1.0	0.737923333333333	1.0	1.0	0.53305	1.0	0.345633333333333	1.0	1.0	1.0	0.584766666666667	1.0	0.373253333333333	0.65296	0.794383333333333	0.616033333333333	1.0	0.423563333333333	0.60801	1.0	0.82636	0.955436666666667	0.662943333333333	1.0	1.0	0.587356666666667	0.78707	0.56211	0.8657	1.0	0.543616666666667	0.564663333333333	0.460763333333333	0.814763333333333	0.302803333333333	1.0	1.0	0.369733333333333	1.0	1.0	0.948293333333333	1.0	0.82051	1.0	0.72352	1.0	1.0	1.0	0.188013333333333	1.0	1.0	0.45552	0.408176666666667	1.0	0.475743333333333	1.0	0.499636666666667	0.470413333333333	1.0	1.0	1.0	1.0	0.82445	0.387753333333333	1.0	0.375176666666667	0.588583333333333	0.31714	1.0	1.0	1.0	0.59635	1.0	0.7970993333333329
NKT	0.852493333333333	0.71385	1.0	0.16579	0.06765	0.280526666666667	0.592183333333333	0.0	0.04872	0.1113	0.11	0.378623333333333	0.0426333333333333	0.0649533333333333	0.36723	0.0004866666666666	0.37386	0.506336666666667	0.731086666666667	0.0939766666666667	0.36256	0.0803	0.77886	0.803856666666667	0.114773333333333	0.0500699999999999	1.0	0.611316666666667	1.0	0.332376666666667	0.19884	0.142016666666667	0.75194	0.0131933333333333	0.66924	0.162863333333333	0.943486666666667	0.548616666666667	0.05944	0.75443	0.643356666666667	0.18141	0.150713333333333	0.131783333333333	0.264076666666667	0.0795833333333333	0.04238	0.31107	0.07273	0.855763333333333	0.319783333333333	0.282996666666667	1.0	0.20493	0.680976666666667	0.825066666666667	1.0	0.04375	0.330516666666667	1.0	0.106443333333333	0.0695333333333333	0.470553333333333	0.158796666666667	0.33545	0.0618166666666666	0.28565	0.0005166666666667	0.02678	0.0628	1.0	0.08765	0.054	1.0	0.74449	0.347813333333333	0.991223333333333	0.0681566666666666	0.725366666666667	0.308856666666667	0.0843633333333333	0.07618	0.09075	0.09168	0.869986666666667	0.398803333333333	0.142016666666667	1.0	1.0	0.468163333333333	0.151413333333333	0.0921533333333333	0.00011	0.07478	0.178103333333333	0.3781596491228069
Neurons	0.0	0.0016633333333333	0.0	0.0	0.181373333333333	0.01756	0.0	0.0	0.0	0.0	0.0008733333333332	1.0	0.32666	0.854343333333333	0.0229433333333333	0.0	0.0001066666666666	0.0006599999999999	1.0	0.0	0.0048399999999999	0.0	0.366823333333333	0.0	0.0	0.0	0.0	0.0	0.0	0.0	0.0	0.0	0.0	0.0	1.0	0.0008733333333332	0.0	0.0	0.0	0.10812	0.0	0.0	0.0044666666666666	0.0	0.0	0.0	0.0006599999999999	0.0	0.201076666666667	0.0048399999999999	0.191053333333333	0.0	0.0	0.0	0.0	0.0	0.0	0.14418	0.0	0.0	0.0	0.0	0.11205	0.0	0.0	0.0	0.0326366666666666	0.0	0.0056	0.291886666666667	0.0074466666666667	0.0004366666666666	0.0	0.0	0.0	0.0	0.0	0.0	0.0	0.216336666666667	0.47686	0.0090666666666666	0.0	1.0	0.0	0.0110466666666666	0.0	0.0	0.0	0.0003533333333333	0.0003533333333333	0.0326366666666666	0.0	0.0	0.0	0.08031396491228067
Neutrophils	0.207723333333333	0.0637433333333334	0.0286999999999999	0.136316666666667	0.69107	0.46831	1.0	1.0	0.541533333333333	0.94951	0.0247166666666667	0.0244366666666667	0.674916666666667	0.41454	0.707813333333333	1.0	0.0798066666666667	0.290013333333333	0.751246666666667	0.845536666666667	0.372426666666667	0.418733333333333	0.0007033333333332	0.93234	0.78732	1.0	0.0004533333333333	0.43145	0.68295	0.0003366666666666	1.0	1.0	1.0	1.0	0.0247166666666667	0.0503266666666666	0.0008366666666667	0.0024166666666666	0.90125	0.03173	0.0	0.990593333333333	0.485936666666667	0.76015	0.30536	1.0	0.416616666666667	0.76015	1.0	0.0985933333333333	0.96317	0.206256666666667	0.80637	0.457243333333333	0.250273333333333	0.36093	0.90515	0.62711	0.433516666666667	0.250273333333333	1.0	1.0	0.90125	0.51348	1.0	1.0	0.0225033333333333	1.0	1.0	1.0	0.34389	0.9783	0.79046	0.0012499999999999	0.0235333333333333	1.0	0.0032733333333333	0.502146666666667	0.51815	1.0	0.396563333333333	0.83246	1.0	0.33821	0.03173	0.173536666666667	1.0	0.314636666666667	0.0063633333333333	0.0656766666666667	1.0	0.0213	0.909053333333333	0.845536666666667	1.0	0.5489359999999999
Osteoblast	0.855376666666667	1.0	1.0	0.0047166666666667	0.0	0.0	0.00434	1.0	0.09657	1.0	1.0	0.0118566666666666	0.0	1.0	0.442563333333333	1.0	1.0	1.0	0.0	0.0	0.0	0.0	0.0	1.0	1.0	0.0	1.0	0.0070133333333333	1.0	1.0	0.430813333333333	0.677076666666667	0.0705766666666666	0.0	1.0	0.0	1.0	0.02529	0.948476666666667	1.0	0.182333333333333	0.0	0.0	1.0	0.0	0.0	1.0	1.0	0.0	0.0292333333333333	1.0	1.0	0.0	1.0	0.0	0.138363333333333	0.08424	1.0	0.02121	1.0	0.0	1.0	0.0	1.0	1.0	0.0	1.0	0.113956666666667	0.0014833333333332	0.639586666666667	0.0	0.0059766666666666	0.20599	0.0	0.01261	1.0	1.0	0.0	1.0	0.0	1.0	1.0	1.0	0.0	0.220693333333333	1.0	0.0	1.0	1.0	1.0	0.0357833333333333	0.627936666666667	0.0	0.0278933333333333	0.690543333333333	0.48013161403508775
Pericytes	0.0019933333333332	1.0	0.0	0.0	0.0	0.0100633333333333	0.0	0.0	0.0	0.0	0.0	0.0	0.0	0.0	0.0	0.0	0.0	0.01854	0.14684	0.0	0.0	0.0	0.0	0.0	0.0	0.0	0.0	0.0	0.0	0.0	0.0	0.0	0.0010566666666667	0.0	0.260736666666667	0.0	0.0	0.0	0.0	0.0	0.0	0.0	0.0	0.0	0.0673366666666667	0.0	0.0	0.0	0.0	0.02038	0.0006866666666666	0.0	1.0	0.0	0.0	0.0	1.0	0.0	0.0830333333333333	0.0	0.0	0.0	0.0	0.0	0.0	0.0	0.174763333333333	0.0	0.0	0.0	0.0	0.0	0.0	0.03302	0.0	0.0	0.0	0.0	0.0	0.0	0.0	0.0	0.0	0.0	0.0	1.0	0.0	0.0	0.0	0.0344266666666667	0.0	0.0	0.0	0.0	0.0	0.051082912280701755
Plasma cells	0.0004266666666666	0.0	0.0984666666666667	0.588773333333333	0.0	0.0240566666666666	0.05589	0.218073333333333	0.0836066666666667	0.18313	0.0478933333333333	0.0	0.0019799999999999	0.0	0.0	1.0	0.0003966666666667	0.0110266666666666	0.0	0.01308	0.0055866666666666	0.0	0.0	1.0	0.12584	0.0047633333333333	0.131213333333333	0.0	0.0	1.0	0.0	0.386663333333333	0.0087833333333333	0.0	0.0	0.0	1.0	0.0	0.588773333333333	0.0	0.340983333333333	0.450276666666667	0.0004999999999999	1.0	0.0	0.0	0.37078	1.0	0.0	0.0	0.0185733333333333	0.231213333333333	0.0	0.0	0.00775	0.0262766666666666	0.00292	1.0	0.0	1.0	0.31875	1.0	0.0	0.0	0.476643333333333	0.0055866666666666	0.0006833333333333	1.0	0.0	0.0167333333333334	0.0	0.0470633333333333	0.0	0.0	0.0006	1.0	1.0	0.0	1.0	0.0	0.01347	0.0	1.0	0.0	0.00834	0.0	0.0	0.393176666666667	0.31875	0.0009333333333333	0.710526666666667	0.0	0.22351	1.0	0.0	0.226973298245614
Platelets	0.157083333333333	0.167876666666667	0.122046666666667	1.0	1.0	0.109753333333333	0.115993333333333	1.0	0.692816666666667	0.26139	1.0	0.173903333333333	0.687656666666667	0.486973333333333	0.228763333333333	1.0	0.2178	0.162903333333333	0.114363333333333	0.21904	0.165426666666667	1.0	0.256633333333333	0.16504	0.182363333333333	0.82231	0.144543333333333	0.149916666666667	0.162903333333333	0.168633333333333	0.296763333333333	0.19312	0.33263	1.0	0.116303333333333	0.805713333333333	0.178896666666667	0.155216666666667	0.299936666666667	0.145586666666667	0.235363333333333	0.443946666666667	0.166086666666667	0.192376666666667	0.199903333333333	0.82471	0.940136666666667	0.188213333333333	0.230466666666667	0.140516666666667	0.352066666666667	0.613033333333333	0.150653333333333	0.154906666666667	0.14743	0.19772	0.158136666666667	0.12707	0.572066666666667	0.157423333333333	0.95184	0.803526666666667	0.108383333333333	0.548823333333333	0.212543333333333	0.682426666666667	0.185696666666667	1.0	0.521306666666667	0.970183333333333	0.127323333333333	0.669816666666667	0.57449	0.21965	0.102006666666667	0.88841	0.255563333333333	0.411403333333333	0.28432	0.271426666666667	0.904923333333333	0.455676666666667	0.518876666666667	0.50415	0.146623333333333	0.306233333333333	0.467366666666667	0.509096666666667	0.128356666666667	0.17157	0.204303333333333	0.316426666666667	1.0	0.96278	0.207953333333333	0.40469477192982484
Preadipocytes	0.00887	0.0	0.0	0.0535166666666667	1.0	0.0084433333333333	0.0129433333333333	1.0	0.0722133333333334	0.0100633333333333	0.0316233333333333	0.0083066666666666	1.0	0.0005866666666666	0.0755400000000001	1.0	0.0842766666666667	0.0580733333333333	0.0001433333333333	1.0	0.0396300000000001	1.0	0.0052966666666666	0.0316233333333333	0.58585	0.121513333333333	0.02693	0.02669	0.130413333333333	0.0	0.2559	0.00136	1.0	1.0	0.02195	0.0072433333333333	0.0	0.0200666666666667	1.0	0.0087233333333333	0.0597666666666666	1.0	0.0080066666666667	0.0295	0.0	1.0	1.0	0.565393333333333	0.0316233333333333	0.0	0.628943333333333	0.21529	0.02772	0.08871	0.0001533333333333	0.0087233333333333	0.0	0.0319	1.0	0.0	1.0	0.0	0.0295	0.185843333333333	0.0	0.6179	0.0	1.0	1.0	0.63433	0.0023833333333332	0.0679666666666666	1.0	0.0	0.0638466666666667	0.0453566666666667	0.0055199999999999	1.0	0.0030666666666666	0.0697866666666667	0.50278	0.0	0.787053333333333	1.0	0.07912	0.0	0.66279	0.0369433333333333	0.0	0.0	0.0	0.0	1.0	1.0	0.0193566666666667	0.2970217192982456
Sebocytes	0.0084766666666666	0.0	0.0	0.0	0.0	0.0	0.0	0.0	0.0	0.0	0.0	0.0	0.0	0.0	1.66666666666648e-05	0.0	0.0	0.0	0.0	0.0	0.0	0.0055133333333333	0.0	0.0019	0.0	0.0	0.0	0.0862266666666667	0.0	0.0	0.0	0.0	2.66666666666193e-05	0.0	0.0	0.0	0.0	0.0	0.0	0.0914866666666667	0.0	0.278636666666667	0.0	0.0	0.0173966666666666	0.0	0.0	0.0	0.0	0.0155999999999999	0.0	0.0	0.0	0.0	0.0	0.0	0.0	0.0	0.0	0.0098366666666667	0.0	0.0	0.0	0.0	0.0	0.0002299999999999	0.0	0.0	0.0	0.0	0.0	0.0	0.0033199999999999	0.0	1.0	0.0	0.0	0.0	0.0	0.0	0.0	0.0	0.0	0.0	0.0	0.0	0.0	0.0	0.0	0.0	0.0	0.0	0.0	0.0	0.0	0.0159859649122807
Skeletal muscle	1.0	6.66666666671034e-06	0.986603333333333	0.86034	1.0	1.0	0.00871	0.0	1.0	0.02964	1.0	1.0	1.0	0.0786333333333333	0.421946666666667	0.88276	1.0	1.0	0.04427	1.0	1.0	1.0	1.0	6.66666666671034e-06	0.88276	1.0	1.0	0.0144966666666667	0.0	0.0	1.0	0.80498	0.0	1.0	1.0	1.0	0.01275	1.0	0.348716666666667	0.668463333333333	1.0	0.11251	1.0	0.977963333333333	1.0	0.490786666666667	0.02343	0.59684	1.0	0.259573333333333	1.0	1.0	0.837456666666667	0.0	1.0	1.0	0.239396666666667	1.0	0.22032	0.65069	1.0	0.0045566666666666	0.0	1.0	0.897036666666667	0.763863333333333	0.22032	1.0	1.0	1.0	0.99635	0.721726666666667	1.0	0.11624	0.0180933333333333	0.214166666666667	0.0608300000000001	1.0	0.0678466666666667	1.0	1.0	1.0	0.923436666666667	1.0	0.302393333333333	1.0	0.772243333333333	0.95305	0.280483333333333	0.214166666666667	1.0	1.0	1.0	1.0	0.06312	0.6636207719298245
Smooth muscle	1.0	1.0	1.0	1.0	1.0	1.0	0.182123333333333	1.0	1.0	1.0	1.0	1.0	1.0	1.0	1.0	1.0	1.0	1.0	1.0	1.0	1.0	1.0	1.0	1.0	1.0	1.0	1.0	1.0	0.0	1.0	1.0	1.0	0.554126666666667	1.0	1.0	1.0	1.0	1.0	1.0	1.0	1.0	1.0	1.0	1.0	1.0	1.0	1.0	1.0	1.0	1.0	1.0	1.0	1.0	1.0	1.0	1.0	0.330363333333333	1.0	1.0	1.0	1.0	1.0	1.0	1.0	1.0	1.0	1.0	1.0	1.0	1.0	0.447723333333333	1.0	1.0	1.0	1.0	1.0	1.0	1.0	0.562873333333333	1.0	1.0	1.0	1.0	1.0	1.0	1.0	1.0	1.0	1.0	1.0	1.0	1.0	1.0	1.0	1.0	0.9587074736842103
Tgd cells	1.0	1.0	0.825566666666667	0.939476666666667	1.0	1.0	1.0	1.0	1.0	1.0	1.0	0.94477	0.916043333333333	1.0	1.0	1.0	0.749546666666667	1.0	1.0	0.81424	0.74806	1.0	0.84872	1.0	1.0	1.0	0.76645	0.9845	0.28565	1.0	1.0	1.0	0.56254	1.0	0.37704	0.66815	1.0	0.95293	0.855636666666667	0.895653333333333	0.50557	1.0	1.0	1.0	0.943526666666667	1.0	1.0	0.858436666666667	0.99342	0.97978	0.489636666666667	1.0	1.0	0.627896666666667	0.49638	1.0	1.0	0.475273333333333	0.749546666666667	0.369886666666667	0.273956666666667	1.0	1.0	1.0	1.0	1.0	1.0	1.0	1.0	1.0	0.46273	1.0	0.452163333333333	0.308676666666667	0.304906666666667	1.0	1.0	1.0	0.456363333333333	0.572303333333333	0.55783	1.0	1.0	0.30415	0.36485	1.0	1.0	1.0	0.897096666666667	1.0	1.0	1.0	1.0	0.910213333333333	1.0	0.857784912280702
Th1 cells	0.313856666666667	0.172543333333333	0.76183	0.00151	0.0	0.0545666666666667	0.130073333333333	0.0142933333333334	0.391746666666667	0.06299	0.22794	0.04273	0.0	0.0078766666666666	0.286383333333333	0.0508133333333334	0.371256666666667	0.182776666666667	7.9999999999969e-05	0.0500166666666667	0.0030799999999999	0.0	0.157546666666667	0.06374	0.0	0.0124466666666667	1.0	0.0	0.25698	1.0	0.02899	0.0945833333333334	0.0099233333333332	0.0	0.42003	0.235523333333333	0.962843333333333	0.235523333333333	0.05385	0.291043333333333	0.183803333333333	0.0556166666666666	0.0460666666666667	0.0978233333333334	0.02121	0.0	0.612206666666667	0.610096666666667	0.0	0.0490233333333333	0.357656666666667	0.04359	0.0761966666666667	0.177876666666667	0.110663333333333	0.02813	0.145506666666667	1.0	0.0047199999999999	1.0	0.0	0.472496666666667	0.0016333333333333	0.369476666666667	0.46912	0.0	0.530286666666667	0.0	0.0	0.13169	0.236043333333333	0.0054499999999999	0.0032499999999999	0.217763333333333	0.0605733333333334	0.729903333333333	1.0	0.0	0.382213333333333	0.0027933333333333	0.482036666666667	0.212956666666667	0.2482	0.0	0.01252	0.41445	0.0016566666666666	0.0734900000000001	0.769413333333333	0.37499	0.0800133333333334	0.10209	0.0	0.440436666666667	0.0836066666666667	0.2155592280701754
Th2 cells	0.34962	0.699133333333333	0.278216666666667	0.341326666666667	1.0	0.433356666666667	0.946816666666667	1.0	1.0	1.0	0.512863333333333	1.0	0.483763333333333	1.0	0.664573333333333	1.0	0.444556666666667	0.554143333333333	1.0	0.688896666666667	0.719276666666667	1.0	0.51519	0.718013333333333	1.0	1.0	0.67351	0.925736666666667	0.0543733333333334	0.82546	0.771076666666667	0.984803333333333	0.370473333333333	1.0	0.338016666666667	0.935486666666667	0.67481	1.0	0.917546666666667	1.0	0.732203333333333	0.983463333333333	0.74525	1.0	0.627783333333333	1.0	0.851096666666667	0.623996666666667	0.859256666666667	0.642773333333333	0.578326666666667	1.0	0.570926666666667	0.311353333333333	0.308416666666667	1.0	0.22731	0.204403333333333	0.586626666666667	0.250996666666667	1.0	0.467973333333333	0.606463333333333	0.833683333333333	0.821523333333333	1.0	0.668433333333333	1.0	0.80406	0.80547	0.0008266666666666	1.0	0.22566	0.450153333333333	0.32881	0.75172	0.625233333333333	0.924396666666667	0.0049166666666666	0.712703333333333	0.0405466666666666	0.710403333333333	0.99834	0.884553333333333	1.0	0.711606666666667	0.85393	0.709223333333333	1.0	0.21546	0.973106666666667	1.0	1.0	0.253766666666667	1.0	0.7085072280701753
Tregs	0.0	0.0263733333333334	0.0	0.12598	0.753413333333333	0.0	0.0058866666666667	0.24582	0.0137333333333334	0.21541	0.08495	0.104226666666667	1.0	0.43468	0.0296366666666666	0.0747933333333334	0.0225366666666666	4.99999999999945e-05	0.0	0.05433	0.12183	1.0	0.02272	0.02707	0.568823333333333	0.192946666666667	0.0	0.350053333333333	0.474696666666667	0.0	0.25838	0.02499	0.14724	1.0	0.0	0.04373	0.0	0.0	0.0401666666666667	0.0008466666666666	0.0173666666666666	0.127246666666667	0.0238633333333333	0.0185033333333333	0.11006	1.0	0.0101633333333333	0.0052999999999999	0.0223133333333333	0.02225	0.0016333333333333	0.0315833333333333	0.0258933333333333	0.00058	0.0128166666666667	0.14724	0.01022	0.0	0.447133333333333	0.0	1.0	0.0080366666666666	0.0858333333333333	0.05355	0.0209566666666666	0.514953333333333	0.0039299999999999	1.0	1.0	0.05071	0.0357933333333333	0.500003333333333	0.39769	0.07712	0.0011533333333333	0.0987966666666666	0.0	1.0	0.0549133333333334	0.156766666666667	0.0	0.0199433333333333	0.01263	1.0	0.134326666666667	0.0	0.6206	0.0252466666666666	0.0	0.0	0.114933333333333	0.0669866666666666	1.0	0.05271	0.05461	0.1964386666666667
aDC	0.74105	1.0	0.0	0.0065466666666667	0.0	0.0	0.682793333333333	0.190926666666667	0.0	0.859623333333333	0.0	0.0156166666666666	1.0	0.0	0.498993333333333	0.00031	1.0	0.0	0.30148	0.520693333333333	0.0005366666666666	1.0	0.25283	1.0	0.0717633333333333	0.0046466666666666	0.0	1.0	0.0001566666666666	0.0	0.02547	0.0	0.33893	1.0	0.0	0.10512	0.0114433333333334	0.0	0.0	9.99999999995449e-06	0.0139066666666666	0.01369	0.0	0.0005833333333333	1.0	1.0	0.0	0.375233333333333	1.0	0.165643333333333	0.0	0.334906666666667	1.0	0.0	0.0042933333333333	0.360793333333333	0.665896666666667	0.0	0.40827	0.0	0.153726666666667	0.234573333333333	1.0	0.503953333333333	0.0	0.0029533333333333	0.97934	0.0014733333333333	0.0	0.0844333333333334	0.31234	0.0622833333333334	0.71753	0.805696666666667	0.00443	0.147416666666667	0.0	0.00039	0.0645733333333334	0.0725966666666666	0.0	0.140933333333333	0.0	0.04667	0.54762	0.0024866666666666	0.21175	0.787533333333333	0.0	0.0	0.63583	0.0413333333333333	0.0024433333333333	0.0	1.0	0.2793312280701753
cDC	0.142626666666667	0.0	0.0	0.359403333333333	0.0	0.0	0.0	1.0	0.0	0.00404	0.0021633333333332	0.149323333333333	1.0	0.0393633333333333	1.0	0.08049	0.0824966666666667	0.0	0.0	1.0	0.0436266666666667	1.0	0.0376266666666667	0.298126666666667	0.23526	0.0	0.0	1.0	0.0	0.0	0.122643333333333	0.0	1.0	1.0	0.0	1.0	0.00058	0.0470466666666667	0.0006733333333333	0.118323333333333	0.669623333333333	0.139443333333333	0.0315966666666667	0.0	1.0	1.0	0.0	0.0078733333333332	1.0	0.0537066666666667	0.0	1.0	0.83444	0.0006366666666666	0.0	0.0	0.0	0.0	0.0406633333333334	0.0	0.75806	0.0008266666666666	0.0066399999999999	0.29159	0.0015133333333333	0.0315966666666667	0.0231166666666667	1.0	0.0	0.25129	0.0016366666666666	0.454563333333333	1.0	0.0002699999999999	0.0530766666666667	0.37969	0.0	1.0	0.0260433333333333	0.07053	0.0	0.0	0.0	1.0	1.0	0.0	1.0	0.7107	0.0	0.0	0.123943333333333	0.0	1.0	4.66666666666393e-05	0.0223	0.28157084210526306
iDC	0.02035	0.0139166666666667	0.0627733333333333	0.604706666666667	0.837396666666667	0.0004899999999999	0.0119233333333333	0.216636666666667	0.0119233333333333	0.0023933333333333	0.0	0.798703333333333	0.12843	0.458886666666667	0.582376666666667	0.07196	0.0527433333333334	0.0021666666666666	1.0	0.796266666666667	0.627336666666667	0.77417	1.0	0.0287833333333334	0.642066666666667	0.06676	0.0010566666666667	0.224023333333333	0.0	0.0287833333333334	0.0031933333333333	0.0092633333333332	1.0	0.0031933333333333	0.27627	0.17297	0.19211	1.0	1.0	0.920086666666667	1.0	1.0	0.186706666666667	0.118696666666667	0.0	0.156923333333333	0.0261266666666666	0.0	0.35384	0.844413333333333	0.107863333333333	0.28404	0.0017099999999999	0.07869	4.000000000004e-05	0.0055666666666667	0.0	0.0510233333333333	0.0	0.0013866666666666	1.0	0.0	0.0	0.153696666666667	0.00194	0.0	0.12555	1.0	0.3299	0.41657	1.0	0.94349	0.56761	6.66666666671034e-06	0.57506	1.0	0.0046	0.349286666666667	0.0	1.0	0.0125866666666666	0.00229	0.0139166666666667	0.846596666666667	1.0	0.0	0.0554666666666667	0.00294	0.0	0.428346666666667	0.27627	0.396186666666667	0.796266666666667	0.0914933333333333	0.158533333333333	0.32010252631578956
ly Endothelial cells	0.0	0.16203	0.0	0.0	0.08739	0.0759433333333334	0.0999833333333333	0.0	0.0	0.0	0.0	0.0	0.0	0.0	0.0364566666666667	0.0	0.0	0.0	0.118286666666667	0.0	0.0	0.0	0.0	0.0	0.0	0.0	0.0	0.0	0.0	0.0	0.0	0.0	0.0	0.0	0.19973	0.0	0.0	0.0	0.0	0.0	0.0	0.0	0.0	0.12369	0.950286666666667	0.0	0.0	0.0	0.641526666666667	0.0	0.0	0.0	0.0	0.0	0.0	0.0	0.373056666666667	0.0	0.0	0.0	0.0	0.0	0.0	0.0	0.0	0.0	0.0659833333333333	0.0	0.0	0.66446	0.0	0.0	0.0	0.0	0.0	0.0	0.0	0.0	1.0	0.0	0.0	0.0	0.0	0.0	0.0	0.0	0.0	0.0	0.0	0.0	0.0	0.0	0.0	0.0	0.0	0.04840866666666668
mv Endothelial cells	0.0	1.0	0.0	0.0	0.0	0.58857	1.0	0.0	0.0	0.0	0.0	0.0	0.0	0.0	0.0	0.0	0.0	0.0236766666666667	0.934556666666667	0.0	0.0	0.0	0.0	0.0	0.0	0.0080666666666666	0.0	0.0	3.33333333335517e-06	0.0	0.0	0.0	0.0	0.0	1.0	0.0	0.0	0.0	0.0	0.0	0.0	0.0	0.0009666666666666	0.1461	1.0	0.0	0.0	0.0	0.103896666666667	0.0	0.0	0.0	0.0105499999999999	0.0	0.0	0.0	1.0	0.15025	0.0	0.52395	0.0	0.0	0.0	0.0	0.0	0.0	0.0595433333333333	0.0	0.0	0.208113333333333	0.0	0.0	0.0	0.0	0.0	0.0	0.0	0.0	1.0	0.0	0.0	0.0	0.0	0.0	0.0	0.00233	0.0	0.0	0.108456666666667	0.0	0.0	0.0	0.0	0.0	0.0	0.0933582105263158
naive B-cells	1.0	1.0	0.0025699999999999	1.0	1.0	0.114216666666667	1.0	1.0	1.0	1.0	1.0	1.0	1.0	1.0	1.0	1.0	1.0	1.0	1.0	1.0	1.0	1.0	1.0	1.0	1.0	1.0	1.0	1.0	0.15111	0.0278366666666666	1.0	1.0	1.0	1.0	0.0003966666666667	1.0	1.0	1.0	1.0	1.0	1.0	1.0	1.0	1.0	1.0	1.0	1.0	1.0	1.0	1.0	0.00329	1.0	1.0	1.0	0.223203333333333	1.0	1.0	0.0	1.0	1.0	1.0	1.0	1.0	1.0	1.0	1.0	1.0	1.0	1.0	0.0416133333333333	1.0	1.0	1.0	1.0	1.0	1.0	0.444983333333333	1.0	1.0	1.0	1.0	1.0	1.0	1.0	1.0	0.538923333333333	1.0	1.0	0.396636666666667	1.0	1.0	1.0	1.0	1.0	1.0	0.8941555789473682
pDC	0.306443333333333	0.54577	0.0709733333333333	1.0	0.834416666666667	0.189703333333333	0.209976666666667	1.0	1.0	1.0	1.0	1.0	1.0	1.0	1.0	1.0	1.0	0.393346666666667	0.237113333333333	0.54355	0.58406	1.0	0.567863333333333	0.343693333333333	1.0	0.508236666666667	0.32468	0.39535	0.0867766666666666	0.251553333333333	0.81156	1.0	0.171613333333333	1.0	0.0	1.0	1.0	0.570106666666667	0.57688	1.0	1.0	0.556676666666667	1.0	0.814813333333333	0.372433333333333	1.0	1.0	1.0	0.64453	0.200953333333333	0.306443333333333	0.53906	0.385683333333333	0.0660466666666667	0.333176666666667	0.266746666666667	0.285526666666667	0.53906	0.368853333333333	1.0	0.957593333333333	1.0	0.605313333333333	1.0	1.0	0.482576666666667	0.293596666666667	1.0	0.841296666666667	1.0	1.0	0.534603333333333	0.657493333333333	1.0	0.0683766666666666	1.0	0.36708	1.0	0.586203333333333	0.27614	1.0	0.869726666666667	1.0	1.0	0.14617	0.678026666666667	0.78643	1.0	0.283993333333333	0.29035	1.0	0.43582	1.0	0.627523333333333	0.586203333333333	0.6692440701754386
pro B-cells	1.0	1.0	0.976896666666667	1.0	0.34127	0.686643333333333	1.0	0.203826666666667	1.0	1.0	1.0	0.95602	0.0780566666666667	0.625393333333333	1.0	1.0	1.0	1.0	1.0	1.0	0.34273	0.392573333333333	1.0	1.0	0.38977	1.0	1.0	0.64351	0.283026666666667	1.0	0.85996	1.0	0.367553333333333	0.323926666666667	0.628863333333333	0.7281	1.0	0.704563333333333	0.645383333333333	0.518986666666667	1.0	1.0	1.0	1.0	1.0	0.48431	0.74555	1.0	1.0	1.0	0.686643333333333	1.0	1.0	0.24076	0.281836666666667	1.0	1.0	0.41641	0.301593333333333	1.0	0.216656666666667	1.0	0.66097	1.0	1.0	1.0	1.0	0.4051	0.266303333333333	0.864143333333333	1.0	1.0	0.3084	1.0	0.300153333333333	0.915496666666667	1.0	0.284213333333333	0.501493333333333	1.0	0.266916666666667	1.0	1.0	0.116126666666667	0.274173333333333	1.0	1.0	1.0	1.0	1.0	1.0	1.0	0.372776666666667	1.0	1.0	0.7748113684210527
