	TCGA.XJ.A9DX.01	TCGA.KK.A7B0.01	TCGA.EJ.7314.01	TCGA.EJ.7330.01	TCGA.V1.A9Z7.01	TCGA.HC.7752.01	TCGA.KK.A8IG.01	TCGA.HC.A631.01	TCGA.V1.A8WW.01	TCGA.HC.8216.01	TCGA.ZG.A8QX.01	TCGA.KK.A6E1.01	TCGA.G9.6499.01	TCGA.G9.6371.01	TCGA.EJ.AB20.01	TCGA.J4.8198.01	TCGA.KK.A7AY.01	TCGA.EJ.A8FN.01	TCGA.YL.A8SB.01	TCGA.CH.5788.01	TCGA.ZG.A9MC.01	TCGA.EJ.7782.01	TCGA.G9.6347.01	TCGA.VP.A872.01	TCGA.G9.7523.01	TCGA.HC.8260.01	TCGA.EJ.5495.01	TCGA.HC.A6AP.01	TCGA.YL.A8SH.01	TCGA.EJ.5494.01	TCGA.G9.6498.01	TCGA.G9.6496.01	TCGA.TP.A8TV.01	TCGA.HC.A76W.01	TCGA.EJ.5542.01	TCGA.VP.A87B.01	TCGA.VP.A87J.01	TCGA.CH.5791.01	TCGA.XK.AAJ3.01	TCGA.HC.A9TE.01	TCGA.EJ.5509.01	TCGA.EJ.A65M.01	TCGA.CH.5768.01	TCGA.ZG.A9M4.01	TCGA.J4.A83I.01	TCGA.V1.A9OX.01	TCGA.J9.A8CN.01	TCGA.XK.AAJA.01	TCGA.4L.AA1F.01	TCGA.EJ.A7NH.01	TCGA.YL.A8SF.01	TCGA.QU.A6IM.01	TCGA.HC.8261.01	TCGA.V1.A8WL.01	TCGA.G9.6338.01	TCGA.VN.A88P.01	TCGA.M7.A721.01	TCGA.EJ.A7NM.01	TCGA.H9.7775.01	TCGA.CH.5771.01	TCGA.CH.5772.01	TCGA.G9.6366.01
Adipocytes	308.496559176074	432.954370959732	168.970150682187	367.029927525768	1040.83442854013	419.384951124555	829.872750270224	287.174774217356	657.426708955968	756.74400557649	1027.19592314647	364.073242669048	533.882533776643	501.626901468037	1132.21382200826	585.724392150817	534.091953649036	1191.26637527656	641.074511137626	462.119352778555	260.00805778632	163.505124648131	1171.46738890365	281.023355550813	1386.27679679874	401.313150717502	472.528595028586	1058.47460456296	625.927694507146	462.504370419635	437.895278311848	393.742046090017	329.529876282096	582.120059645134	534.568410537923	486.36316639734	577.087285604638	258.371259354566	474.251513198587	326.720288254027	364.669103147989	435.916250311101	355.106962191806	567.891957249472	352.045481026149	610.678227562159	498.384604732976	543.95496579723	746.201522952109	584.241258725302	312.547440301823	538.472537479563	348.958323382383	546.961014056287	1627.05842952212	824.635441462158	426.77994470603	297.405472779265	616.335245019086	921.164120432769	499.807660335156	580.297173373195
Astrocytes	264.327076113064	930.288681549281	295.780581916802	927.091176311485	1148.65304180287	600.000811905949	1138.09078250418	531.196786938464	859.551196500329	620.408701472752	817.061802784488	99.4578821901126	503.441537266721	496.000354721525	1886.73815029189	880.160572221734	409.758254515191	853.853172918803	1238.0905673745	268.72575129653	1252.31938360246	727.538260309923	1522.21181471853	1217.23084345191	1879.56544693291	778.176773725257	1152.91704278421	912.574139127272	693.986711365304	562.982461593507	994.675404945291	848.3685356461	46.5501659069682	1098.00974307082	878.651518900059	403.08835700992	351.176685784082	575.108477180959	877.585197684789	1018.1229979543	988.997455216119	530.958851160373	303.204937371392	426.047371051242	715.956589894795	844.391235744455	375.217677594654	197.29368309338	2172.69932104017	898.13836761497	1279.98584863575	653.860382138644	413.800276541439	881.398792594204	1221.59658690603	756.191541531229	797.613079125254	808.498669898283	829.144279141726	1355.25545564523	387.569727849687	460.812263198397
B-cells	420.659801838944	1060.58000458936	265.961831091695	552.899588081855	576.588048717118	316.766311584236	523.157788664463	411.464625919607	475.294101928292	568.049125240309	854.994044075459	488.246867619036	445.559999464008	401.625457283078	500.52450674329	487.155650138728	251.443526978682	757.09383840608	655.479631009212	531.857693986432	1817.8617445691	591.624232734865	856.452428557526	873.267278227792	532.827237866389	496.289192694479	696.104176392557	341.878754238874	329.405007428176	475.659060289565	1030.35030569327	164.594004747188	348.362920901219	422.677819921849	652.91625613765	554.11774681108	476.764355811448	508.807612931949	367.046145333773	1013.80684488299	680.319208785688	473.541624625232	590.120287635789	959.81331726139	617.912714228234	471.012730846834	453.571465269887	726.996636094039	1262.51584053941	398.227517297498	448.61857739172	292.082330088206	640.194514176096	985.563874335069	151.886628674869	778.292911920583	380.113569298212	1077.21961510586	457.906116037163	631.772497109144	602.653286973496	335.861099668316
Basophils	538.19170929469	431.760445852546	291.525298996095	251.784913843648	297.442527229129	502.657364738931	338.489759726637	116.401925336725	211.106239391293	229.634481837683	376.04799002319	218.989512331269	290.211939978472	282.115404131763	429.691326611313	287.717925485902	320.991378031376	312.030869028338	209.470176000422	294.851864308236	300.938867129035	319.452791721473	497.677445884444	166.979336918864	305.317045918155	140.973401904733	213.504889689929	298.472543098223	428.079179603688	344.882977975734	436.828568213009	371.731368059312	448.106033227327	350.649556328042	153.162532944149	431.190109891642	271.600116204507	360.509508618784	362.386671469222	285.686594590795	264.18572366034	305.443496234719	244.422436586353	447.837480301103	249.385837636802	318.81739314442	374.892815498509	443.598681439721	153.998137871316	327.116912413296	180.221451440651	561.177947076185	353.169661701708	246.828404790033	354.281029060954	358.458702727896	196.955124083402	389.188426723148	255.175846200952	316.06208991863	381.662751242888	418.647180978028
CD4+ T-cells	589.722826065002	381.26272072097	302.345964062377	404.450703570251	378.60156383575	413.63140511792	472.033529903212	384.830360211713	208.564375401198	506.68461085786	481.378199139263	405.021178516366	366.212203278788	401.436760952745	534.197742112965	526.993746216664	217.56312239998	568.875430226986	417.551594108014	561.266986950167	921.339528173113	548.050278638452	463.88090385151	370.702534229994	688.294150634592	471.70930042735	535.871292272138	168.793428123046	388.970352518836	465.877602305181	724.422207585038	254.562439971888	466.663111305291	355.530932167643	417.70369803056	445.993024755985	381.053632183749	338.680138634386	391.406798725157	669.903483289585	456.96516590178	372.400332364987	407.43858137183	847.094212215601	503.575609363562	414.956125271038	369.763142991359	514.145829754213	493.30235450718	472.798739157717	312.26267523561	419.770993771948	532.899165455534	687.408219121963	304.320964578275	555.860196555379	369.36408661741	678.631842491559	275.031884481596	448.979059026375	419.126942324994	347.371347235466
CD4+ Tcm	586.362613185542	516.480648622028	198.125864210981	221.091937918644	128.877579991278	653.421992661786	376.437512161217	174.395805765454	325.110304303409	213.549614364072	484.119808602232	334.871874484413	199.519265955373	168.497188885028	321.528732757381	359.501190530839	342.120590033788	592.561296856713	274.649391528131	293.572452128229	640.482538656307	386.446323566279	586.060704206289	439.224283993847	310.204707126517	395.324600850872	144.299070292328	220.671039702477	492.1246607128	265.854322019141	435.762962197882	263.9884034159	519.520627323158	352.373490681252	94.9636445335481	561.470302448639	264.030449784426	235.497309058102	407.559478494096	570.360532660667	208.312620615405	207.528600978624	291.169290270688	556.694619409056	436.659839871464	377.29728917705	415.312145064983	638.57167207624	223.799197671134	553.987586126713	392.477634444349	732.630653001696	305.502917617232	449.572716811873	432.508033004875	398.290680137648	340.175168610638	498.589388658489	221.81952089722	323.550330453234	124.970884622144	245.098675329155
CD4+ Tem	261.966531625064	788.108405219988	261.97058925838	187.362706165661	275.853704570769	471.163617949692	365.313633487486	302.335503882362	399.092454404193	254.384439324891	376.509095814924	406.274031804295	313.517210685617	299.944175898297	458.47737149648	316.579234296786	446.263480466428	522.131589755682	266.061327162771	382.68929229965	734.178078256016	410.827199464015	790.20758069201	666.213949237161	383.471754358887	309.200820045625	184.365812302365	497.235849680934	413.424562361713	419.532633123311	620.072481848409	182.814385178299	527.947359503832	292.38746483853	236.639726812887	578.22965364029	372.285170199198	303.92309893007	504.84114007157	725.570290025057	383.593828051592	436.898361708864	278.955201676437	531.770284510012	432.699156457971	429.667816310461	384.603576585179	475.919594986805	546.278938255682	367.499651362103	405.462737467326	706.845775064235	374.238341378417	532.688099599648	250.488639763785	332.394026767204	380.197393003323	540.999507009975	296.13928956274	352.978923551498	204.063124676993	392.051627824299
CD4+ memory T-cells	383.469580930159	244.20508415944	385.969734245242	252.313564080937	482.716195971355	131.844105009396	365.156566057383	573.658606436398	179.540622681362	749.963230835699	372.77434663405	398.186387875176	353.782354427099	392.987731979516	325.341912034174	454.271198074068	254.432023145833	407.537144317228	443.373643601111	648.510538058688	724.304124573129	382.025650318117	116.583285921629	200.855996692153	449.868020650858	391.323758519767	608.460147139723	188.003497015479	277.903613672429	501.123642392091	579.669466205703	270.143982696571	241.576857642055	411.183511324693	499.503292123806	308.162365580722	367.478381355905	397.108235389565	323.116305569336	453.644358867068	319.59250094911	456.401620402582	481.072727866699	683.90325244405	479.447653868905	262.912204630045	466.925886402247	233.962685349982	498.23283877068	245.840338215862	439.892149123017	117.42965754787	362.277000518404	697.413648516446	137.150770393507	538.395446765485	291.472399896925	614.445972764802	322.177934177809	271.508936615053	571.909893684936	367.440386352562
CD4+ naive T-cells	533.587972761124	714.790174000244	345.19944149293	397.566304664013	490.697073913865	591.890358084402	398.745138278724	429.746754688016	274.70951241129	394.073955385404	296.251776371451	316.495093035979	286.081011540966	371.700012014421	704.179222474826	515.408561937826	259.82796468961	484.730940361172	492.187142717905	404.031363096506	1193.47425046261	657.855046959444	742.816600269536	535.24951171457	652.904603186991	436.96282164229	670.591388932066	249.937685294706	370.603553787869	473.995454256996	768.280410533378	253.115454427003	398.971928569166	436.196056083615	516.147209639598	484.651728786974	259.450836361859	450.610894867395	420.858151539319	888.621258680772	533.751933674047	333.166871135846	361.89754843814	869.571215634778	468.825878835578	490.707142193547	259.57177150721	498.923048194613	867.195380398117	473.28071522963	426.941913149213	727.238998760385	503.313532654935	528.060476975126	183.427793933342	340.288607809474	375.458690129271	848.742045449251	271.917388323181	576.057095720137	379.002059501931	252.444368955823
CD8+ T-cells	342.340292451615	449.687323686684	315.234412405868	257.448682552129	431.888491648367	447.206163066758	438.106767107919	344.161076990191	198.682125184244	340.330889363838	467.342835405618	327.788032099214	264.983640687593	341.569901259554	631.481076615084	321.820081150744	388.79523138971	594.278040189689	324.335935088552	297.177471338944	733.691410237853	368.768887624322	581.564698096333	321.322554394529	563.337575094832	394.257475809798	336.401506217344	255.726307643744	453.093637280871	347.014864097209	523.631960390847	167.307250119599	356.971936270677	199.808818684757	343.796387759128	258.825638604354	399.020049966138	280.997755499035	301.820904758439	602.776056987602	277.175472604909	368.671087739068	345.367657367308	687.467971691123	443.239733946069	352.290556266993	285.148824776651	364.245538398771	496.244854517873	388.414692670688	376.916652566898	564.655593384585	351.821773323068	472.731235503234	454.730537108238	545.163046316758	285.157030927467	637.191287827662	214.372402943357	269.495194548316	323.866472366238	318.473129291166
CD8+ Tcm	575.165445838624	647.179499924115	404.553364035921	512.123414993477	395.93653482147	518.788322693402	404.349636200591	749.622801832041	355.331695809827	692.50621932448	434.811153975534	523.694957020018	632.786040074958	593.719140116764	568.975656313162	477.109325525713	422.352858638297	574.997966978591	515.177582256331	559.305744047816	1043.53693493375	522.255496369603	627.593813282691	482.618902427792	552.42363168752	429.918263044556	629.007274885226	315.043490065362	345.241127734285	517.706467503302	1046.07878154625	423.816985026903	418.492487789551	281.538778746396	613.387185304997	495.923861449357	541.732304273819	498.438172862205	576.713780352279	721.274855116276	603.946180781238	601.610433592911	561.984311390979	1070.92616498079	669.808370408768	528.402610975406	594.567563500589	455.657738662642	694.838766448152	423.262203666968	308.1141808156	798.881010236371	536.244635217425	835.68377791669	280.146749101811	601.928023839808	426.488689360604	905.111587931786	448.062111408311	481.575246180361	666.150922360899	747.717861446528
CD8+ Tem	318.520259039467	673.838891858568	162.830789464036	156.223856168216	264.719270490341	509.030391152737	301.261732327754	291.030878986851	307.722125078838	325.931772154236	283.06896118358	263.874831449427	206.735524790194	263.227069113046	707.698864473475	212.432338977902	322.472078250897	443.05299565861	273.494503893926	127.078755061766	697.720236248793	241.348691509822	841.659298243746	379.832808519955	406.643879580183	276.373727875686	272.838424620125	316.976938316522	320.488726085504	254.411527896777	553.399021850765	264.422206219592	260.710941462727	195.347520143414	61.2934464765898	297.998973158984	221.34984084121	126.086180201136	275.168889786241	571.304210125661	182.773355509615	332.144639804907	151.173243602159	798.621266932724	384.626040162297	413.882277922297	342.092062321804	297.620171438687	540.608850946123	384.21980570081	221.866360246009	940.620159231074	338.333343092867	491.46361325782	371.32613438866	375.308074742982	205.892362755233	557.177497739249	118.587758927448	310.110052894192	260.28750710044	314.907283230088
CD8+ naive T-cells	543.399289436867	321.421885490435	236.637939166281	29.9153190443382	210.243665232654	298.434371271469	550.602888903142	386.362809782797	191.275812350294	286.051515497677	533.689792815422	192.187563733054	258.534929258017	257.346571351588	515.440257772571	268.806670504403	365.949687382809	466.248692958993	194.374321571723	237.953076279893	328.249384323956	43.1845374630884	569.687053341586	227.768083741788	535.233084090879	302.110689541145	94.9349814895653	281.205986921545	466.232871442377	175.204106307487	528.603908658858	215.06234127655	288.344571328159	329.129409433427	88.9002263497532	282.461186913301	292.13509161665	91.4163395292853	319.078507126783	278.893426626879	70.1416957973531	390.104717428684	179.236233319747	452.482656123245	38.57367386161	340.746029336534	354.788233749099	297.592178849741	124.797539808873	387.359061167856	146.290773946752	365.652851123742	254.342160283724	297.681669658222	513.701162652993	535.360156215648	143.98395271515	368.212331647928	189.871422600959	139.555499790629	217.354659845758	235.860360439031
CLP	325.987827187529	770.890760791909	363.031684775163	204.189716462703	469.055000099965	430.003766182851	418.073685543535	544.11615284886	297.508137048332	571.079317763358	380.026879423128	505.935862770223	554.935773909155	485.10564160755	691.604278535377	230.208715740934	764.121868803342	361.158406328831	403.461909976154	386.431080092034	344.723959127877	16.6641764170611	531.150937190337	255.883368751689	373.02948048723	554.054641259182	281.027828375711	760.006773335177	201.873372662463	193.98737284223	548.048007679918	486.982191128991	366.524778846467	362.776453778574	425.945123135064	319.168183501655	348.922458331202	344.5197520503	492.696099806516	513.62568021295	283.642064175993	718.701783908815	418.977876481499	326.835221723061	407.667171858439	455.471763055036	403.024457124712	207.17026269449	429.966075064746	77.6934298605799	396.963395867996	546.091723442645	387.334156920306	375.73494836379	575.581521149132	453.068114960255	284.595500454013	388.889455082116	283.233715073479	284.802448979939	432.976132331816	542.046524353197
CMP	554.392103647887	643.353677031091	358.922945404501	436.279319202466	531.691912359164	714.475201240005	559.699481633745	376.920496116556	299.947082211497	445.963851918591	278.700714906218	293.052903788627	272.91852562678	489.982647566602	697.21659922373	572.116777635156	286.94168853115	560.525458603338	584.367359570413	487.615317100832	257.23901890651	629.365531704535	531.487587206924	304.219083664459	645.968131919712	392.256049099238	479.064563999225	527.513114237339	425.952095063159	713.290753540078	403.47550060053	373.216699718961	581.732324520031	416.203878247522	422.000659394506	565.993972380381	382.472053386129	628.745485211011	439.398724563043	515.502513729478	500.575086202436	470.678602694643	464.676362970372	406.078747653849	388.00723186255	431.146025903262	601.723236457213	773.498377938787	259.256807764782	598.666961283319	417.630785064164	328.674024863892	455.015308282547	505.117314398344	266.793169937436	515.394796850232	368.652170546061	479.826190077925	444.281885362191	424.805792715122	637.304388494213	402.148173681838
Chondrocytes	509.556475168129	770.694931998778	249.877299676472	712.130986840201	1097.23496907796	682.378498850008	1156.8743014566	592.757289827096	994.161421603204	192.208711388601	502.545890566313	543.280937348198	105.015338647347	244.325895468083	1355.70939903008	938.193236375156	676.517351406201	704.553824917993	934.676045619529	242.045549037813	1126.16258445546	803.954940627221	1198.94561528694	1297.2414029016	1701.28638081719	718.693011867283	1098.45709292973	835.450585005485	485.649081317481	482.097845392704	931.073667635631	742.610296192933	236.934598257016	980.297698516382	928.212358987957	439.543368129359	426.50848257409	597.854142685795	749.700292720233	1120.17567633978	658.597568767435	350.180977463974	352.264152103849	232.119146266409	949.513858419001	360.281379559621	230.878962112983	63.3462297477182	1744.36698213889	511.001948383538	1476.12646118288	359.893146690611	373.56347580429	605.063327522914	1033.27390022364	861.150932907722	479.869531716238	586.149829644498	640.942102747982	1150.45884567973	607.098925306716	307.131234675464
Class-switched memory B-cells	616.2159019589	854.883677364332	656.672896198223	422.540093865155	376.518841474838	761.824278861552	343.652553153858	749.947697302858	594.71741530791	335.172257870819	852.449914879439	203.704207462557	471.366735141765	530.50689403188	235.630799336237	721.633310950248	538.680481377512	632.59849960168	582.992924396876	473.081914124392	1426.42670660972	590.101424905424	639.232439034376	869.643570218406	221.500558299359	594.33783901976	570.519020362829	268.527173672285	468.750949653243	766.108598356934	973.686452032186	295.875747423597	598.43331664071	421.393675602022	629.791831616005	852.375715401586	525.069840562546	711.559413956445	613.831425347565	971.460877628747	564.346412376806	338.076728407889	605.363399454429	768.868574776346	724.067966959066	458.08565528342	568.765227643482	988.026562013499	777.188494892879	644.24895202781	830.871802946283	436.686752053865	741.833011121367	795.840272335875	100.958016676647	822.289663344027	582.947457433444	1232.60651052311	667.463622597842	441.204788847708	262.491853311982	611.715432698329
DC	507.712692734416	1342.28967341384	350.989871960909	536.015876652028	1206.41492674565	610.169676970313	544.904163780677	273.302551727568	643.512092791181	908.086376224321	464.459464557408	621.546130618477	517.318416740416	477.910403343848	539.935140619863	525.416826799229	621.912507558263	778.750332536064	558.539240049004	565.128141327395	1498.45168856024	611.351588557227	1126.97482148085	861.818371034836	1453.74455618658	622.632422126372	1011.86275883583	826.898505571862	471.554957620018	594.759350399676	927.052073839067	323.777101580118	167.319796606447	555.959632385568	875.110015590159	333.152512110933	535.239044073293	811.033518315935	507.356847080885	1161.66247129905	997.30560781702	828.095294557108	673.543203023116	1006.4811320619	1020.39334534436	740.03664200662	68.7465521166373	359.935465933429	1478.13523777974	311.226585147214	1023.5323356129	805.514771500402	718.796693542821	681.252384330259	512.586181023089	567.56814092093	546.074137209623	1013.64480485266	771.757658168725	1274.37036119758	495.229637304429	343.333586128114
Endothelial cells	983.179891164172	1250.27329369713	522.681698796699	1139.89612713291	1443.56439082595	995.915557907344	1602.15539037193	275.994589409342	630.974840907277	817.961290057846	99.6730077635556	539.830194880799	438.922963726228	859.338941358947	1742.03574178608	837.378030901889	171.798108033731	938.010738935419	1246.78939041825	209.75717925064	1091.57713344236	1110.90735606876	1492.0256858668	754.310941405208	2193.42247202573	787.866812138598	1743.85422645235	1461.91281096698	1192.17234440084	1091.06930787386	1617.59877872591	1710.37367172806	658.373344895772	1219.90536290807	583.25079752735	716.25908757715	390.384547940425	461.308699492548	369.707845727662	1420.08157087499	916.661220121221	553.590684236975	150.75802059566	639.408291852813	377.121323011015	858.81021099946	1280.45676376074	942.884705692027	2418.44761228382	1216.5781478163	514.328816203305	773.947835805607	396.308925533735	707.873820682239	1560.84675376182	1258.59366188673	1106.51333539147	656.252195010176	989.326754776069	1160.99449617004	1563.91839542157	767.23442348807
Eosinophils	476.537849518005	704.470525960508	453.26512677386	615.875843431676	413.821919514925	693.000558991421	487.441890531495	362.016601277395	649.810197472876	301.10444680275	365.304723076323	579.19357910198	421.774271805397	394.988284952691	499.32202296788	675.713509482444	634.951705271484	359.753825008626	402.166135211061	385.190956083663	813.733225974053	599.956643576986	610.153472936752	779.287233443977	458.630738675843	540.143562748074	570.727848086857	456.72908858854	628.421830421857	487.393411538717	650.116372332188	476.193453620689	504.569325345253	700.514286091019	535.624446268436	655.471403697016	695.381360505836	530.199179528425	504.751013633926	504.339140201837	572.069146840113	386.657560031736	477.72439758019	499.517476486801	628.153736868384	593.70880352321	546.984022312157	649.486461572576	561.0655745225	592.469730746456	836.227103163753	632.81453808296	521.36459226776	454.422515754417	514.999121673525	327.698679451401	526.569802306112	678.453546718208	652.426771953301	760.916172504676	239.874384208049	424.638762450858
Epithelial cells	943.264746357194	2061.45504106228	1691.22490074072	1395.03597571786	147.673805618062	1307.65518795142	849.894185202614	1158.73711592588	1573.66966241934	1076.74431852962	898.583966222264	1526.48158399722	1440.88919907804	999.745960525837	757.424455533647	1019.42842179657	1635.19956571537	699.889740652577	915.682111267865	694.948558225278	1836.50628393359	909.84206363927	1005.19627716011	1957.37541916215	73.4132607743833	1525.08308710579	1052.98986699121	1824.80946708326	1172.74275103749	828.804411589754	1423.5298723073	1361.01926383646	1069.86007484784	1397.74847954416	990.358002953804	1109.87638259949	1231.69281803818	1515.17512212525	1116.88764388804	1538.04596741849	1240.80508059917	1319.85536720355	1128.16801012261	1025.76387553157	1070.14738006855	1773.72869316502	1285.51783194864	1384.26967528954	723.822677087224	1322.27060317157	1194.15982997351	1980.80913134724	978.532731095932	1064.23654679803	884.06971427293	804.060754818689	1485.70571351069	979.572661757351	1093.68390792576	1506.79634996669	323.645454421822	1077.79012996998
Erythrocytes	414.259182474632	580.654727301051	348.84521959321	212.990250582537	516.743630544449	415.434820955126	369.769072226882	705.009648963802	447.625452026933	610.098505456223	456.683533144342	594.579973696247	443.128160855045	510.486480056229	413.694073173706	271.466259055836	474.591924404786	515.806086746723	349.615063171842	650.942744393539	26.620102242413	707.788117621564	448.848434255922	418.989426556191	350.239094281999	402.81695821572	221.844508813595	738.35158113512	347.420511278217	348.5017900184	370.843552736733	766.544347269244	687.470120536249	300.577502245746	319.340178867921	485.366799946677	491.156614149219	289.373126235991	444.58826668355	168.196196576288	438.427117985953	729.704438818162	448.469960065819	526.838416144499	150.314556445944	474.081075918904	452.416963675489	544.354921523127	523.375039383369	276.162903401583	474.003383682869	822.664736580262	533.731978105311	286.796093930844	590.591141570069	370.749850623898	324.302081654519	456.346376661894	271.127036391692	179.839476073087	449.212767175219	554.186393889986
Fibroblasts	427.245736152472	633.834197712541	260.908345477898	555.559013569583	828.638229030944	600.426380067464	818.01811371989	456.386615275058	424.054631815275	522.630831199798	602.458471217707	296.692047010699	410.019489609311	498.100937385938	1219.88276628928	624.47674510126	507.810890354482	727.466113370011	897.316398091997	265.297172625982	536.568752187231	394.956241996317	1046.55037866778	651.679880911475	1174.32674743422	432.20373679357	591.068954230517	661.923902189295	482.140139181204	579.35440464386	987.629838096126	619.636093783998	316.930871055768	765.976606533543	564.711897148856	439.249315312725	420.115703258651	476.229546897343	614.310296350087	678.83655927313	633.987684238926	522.186583191725	345.498741227868	267.906509768406	587.81305255226	558.844991382683	445.560346075495	294.965504734295	919.81093956211	589.977294971925	867.688774737986	524.231842084074	340.923579218782	771.494825381471	712.661826622627	716.27491142591	503.560699325871	512.274152658414	742.054834431553	769.561880357702	642.592211121274	425.390185611051
GMP	354.623503524284	518.816397565428	291.765290301764	362.274703445009	645.682799101225	246.451433560359	502.058547273386	402.88075164911	246.684406975376	581.793162281582	353.77106422285	356.216556209007	357.837736130719	410.138959037114	608.005512592107	473.047292246816	236.292431187954	576.830058411914	538.131985836481	533.262656866366	416.136075951568	359.908291364616	340.129665105868	263.947887378438	778.968930738794	467.210274916587	590.408409699647	517.503919867993	374.993250677744	601.308285217592	441.239904331057	280.430516166624	308.536704935568	332.489382794835	534.5918024828	333.162155802843	339.342795630994	500.145166199168	277.64899794148	466.349173652704	389.359797388774	559.907878726013	472.900518322866	358.777385746027	406.156436896326	346.523946289297	523.457587896933	498.452348321101	499.402334211373	413.743533830291	439.035557913687	143.246731161961	435.177305307044	550.802832390951	335.598453705913	616.910583015758	287.053461617091	517.294186658135	383.047223617191	414.221143858355	680.047162019743	342.802041070768
HSC	620.265302986986	1035.16525237695	528.699651942856	1022.94335886391	1519.62265264017	627.148324115541	1447.40860465135	528.409385481124	799.602108213124	813.225069279448	607.555457275562	514.813248157338	235.400928847585	431.220433834151	1869.01601741919	1244.68944397321	610.647448461026	789.15995618341	1366.4414570726	368.363531383868	1128.19057187766	766.096402053265	1505.25661414728	1143.81038272586	2095.92999559983	1151.01155799389	1637.93288136605	1108.36543324342	651.566648824513	886.137359350527	1517.49309502052	1003.88356632186	315.140027933375	1267.36307342146	1168.4600497017	636.405718266227	406.715551137515	776.877114298413	783.274845978673	1367.22914625787	618.169826489786	589.51287448108	395.229764976251	591.530086247023	731.841758087074	733.85814387664	674.845995310311	530.819452184396	1584.77166868377	692.586360242065	1213.73609333279	266.783118058575	589.257663739924	956.946008485463	1264.45476892788	933.066869922828	665.183115964455	588.76594360569	879.464091273868	1060.73935430127	1154.28842356015	352.184564276355
Hepatocytes	83.000951477973	809.989184350463	629.657833929171	617.126368341024	800.882048545007	578.170278767329	542.443929594595	234.497813893956	517.517754516248	661.089692624543	708.983233971585	311.074928041725	1040.84656702143	476.532161949008	664.45594575772	725.173003843356	405.911535031526	620.292425983232	572.038069627734	479.198499987453	200.068287042514	500.069503232067	973.08722679954	686.522074316564	664.048632437898	531.854913758153	669.974530231066	1006.41525687767	683.655509358641	698.28956621106	883.788308906825	456.812879282911	438.779666580596	791.010656068011	463.345802728635	579.010283307727	343.342663985008	238.162504951825	752.646191999116	311.545898362252	572.011863370536	934.790072701741	497.844625873179	6.45417320891117	211.820809189277	719.759398598507	547.517434774741	451.954503685235	487.832636056024	546.696046173138	330.977057766182	908.488013549563	1068.76614059613	693.198374745555	638.97035382655	576.976800420015	618.90347058986	564.976533904771	655.640090776232	471.852049633083	823.352327057399	517.870882883001
Keratinocytes	1027.35827382676	2282.79608223017	1854.19396169388	1778.74752318919	69.2537715537935	1002.69281655423	891.345420116459	1235.67339484413	1275.24842226413	1263.84922946152	589.5448839339	1435.86821690534	1343.20091955999	1148.777268156	1654.2234139824	998.989335942942	1675.92032557402	758.013958911893	1339.32952219855	660.636814382073	1901.72773835579	918.60245175373	1270.45499511782	1449.33934236467	143.537910124606	1993.58922168044	953.796192086813	1755.78392277267	1204.84469438782	1546.65133752513	1489.90523471719	1293.26286974939	854.902730208835	1272.12422472845	1107.64697040003	985.695246233456	906.589807918587	1442.65250434891	925.746533435566	1433.49175759179	1359.0509946713	1496.22549065181	1253.50128856316	1130.53162874296	1095.44851241653	1914.81446971768	986.885387779356	1442.51267795671	608.159685400784	1648.75831040524	851.280061625656	2079.92039829303	1289.2594842562	1436.40987896016	821.833836169209	476.841610338682	1347.44595773628	892.047758649035	929.50585436768	1675.12033510824	348.589799269757	1138.2594776382
MEP	558.086278012659	1308.10014542933	702.640643365448	341.332867560321	990.205947226803	931.654705953073	638.402304649632	651.253841117035	624.422850553394	531.153838445497	671.241358995904	957.175615313999	857.709396125682	823.813659386446	1103.7909791814	520.317985319112	1198.21503588292	623.275433162508	513.585824779517	739.653971908263	380.309652510761	553.059912842733	1304.45142597472	848.319313436744	694.351322285366	606.461758241089	401.841516166914	1293.59227248077	586.536487215914	639.690402228354	829.338606924201	825.743613943016	907.371477855199	539.704557946899	454.393739734984	777.373844070271	573.010315213428	668.550358927827	702.600480168181	569.755957977213	602.22624347228	1030.44199501432	727.080425605835	476.007542062692	634.735967959833	703.890497493629	791.801113041751	584.677288727859	299.517578797103	548.338778627894	840.108915027608	1160.27982804315	721.536558452512	589.511220604322	778.035487453959	766.455999469954	591.357317596485	756.916840449934	515.819156926115	349.710210013283	578.107889291324	796.297432559461
MPP	293.434864360623	844.216267613295	230.619306739765	278.287068549176	544.531055834434	442.824481158861	345.26508708471	235.63744296066	253.502208183458	348.100061922905	360.900718575323	206.16043945439	373.833089749112	359.427713664343	641.54280355781	352.376683740407	287.538794741775	477.281154194302	396.654965770255	321.079970701712	939.333304419507	383.224471768181	846.928880184824	537.722905781814	597.352089961846	307.391610254402	464.841057739349	500.414916481501	262.047440863565	386.96000744134	778.430534242979	272.405163312598	230.773526925682	215.815887586813	377.392193723566	268.918656051075	195.503764719635	367.369630540444	233.703805303846	780.125254971654	491.592691447569	456.016169651495	318.465316791958	573.644208975418	372.643211629759	389.764648103045	277.035176508354	311.09000833142	709.476337394114	276.432542357907	323.849450242386	541.735450763334	384.659617313456	510.933081082476	216.362561462976	396.820315885314	259.513810417866	701.226342865795	210.048667884173	574.78572963593	446.10903228842	274.307184117742
MSC	495.750213966453	1075.90016635929	460.502000879065	267.629597903167	628.511151228892	985.45105934119	452.117949178113	589.096973825358	596.547760436258	495.541697070741	563.706453292895	660.542037097636	613.843805838787	637.319578564175	790.470244525568	394.849300719177	921.635556909821	506.078538044151	389.667542912945	434.028690201858	306.851403010179	466.506213390803	1305.59472179944	867.343172031265	650.84889238564	461.216593228591	106.585887844361	994.677244987588	603.049657371656	438.023336662616	687.221233572973	769.178117442143	736.208735366008	461.970490096629	191.513242010958	667.286618946726	552.483046426045	398.984559958103	829.775030060411	473.229791607177	524.210920889889	717.031388680048	344.75934447822	346.080664616483	514.854132778351	699.352068153774	598.685250361702	589.603726010598	770.254683456486	587.812706195495	646.507738149297	1051.26479947156	606.358606653359	530.614857593133	638.649934639107	547.168882614483	540.851162421482	608.578550923168	480.878898408838	466.472240860223	416.183491556338	590.302215868163
Macrophages	342.386915420612	796.509458583436	145.745241504949	82.4471406072807	493.563219917115	319.549414124098	397.564535895102	381.759930788224	468.082617830692	698.974002259334	453.362687517468	439.237030766503	464.040354157834	401.397259470572	187.065968128675	183.140009894911	587.568540394439	597.152920802802	300.040030215379	378.33999614476	601.221601847164	273.121628460116	672.756999142593	436.101468609777	647.302760329503	207.575117055187	368.524852708295	793.20130425157	273.992726750754	249.011673997662	408.868484513494	478.411389290645	305.880395486065	415.043912665043	284.677982323508	352.754940189896	418.64618567742	295.532181802581	483.101114411182	434.615570172642	623.534848255368	678.632564233147	383.920709106999	301.996597790137	350.728362754307	453.008427872714	439.699319726184	259.337062817874	1011.282049977	193.065627159395	243.265168420966	407.815447228884	601.895818967833	360.28811000861	522.695850311505	476.413941575984	401.712462199212	280.630483696041	415.225628692921	446.244564078173	354.111973173301	415.747955328702
Macrophages M1	399.551193880204	1015.95622464331	64.7985901955796	199.840168024901	638.16045862192	480.499213756823	378.649753601406	309.944084869318	389.692827537879	722.892338495622	369.149580766829	471.622754761475	435.75499738366	306.929494332164	328.057035450208	47.8408177675475	478.814517811459	555.948552156807	380.864349382485	315.850915520023	778.677653544165	229.106311678822	950.579558898799	500.565237026101	856.89071822954	156.955227311558	358.210330503891	877.334351070251	334.315967563715	415.766946795376	558.795594135749	509.106900413702	328.24286721188	371.979442812261	150.718923628537	433.941454188485	415.456481434505	234.294257436893	576.302099490012	499.801108255366	762.06580532933	675.98127528075	297.918645357789	304.851385942304	336.532509336529	516.188654478276	349.526733738156	217.244592938218	1026.79569669691	276.890891909156	286.126289469219	618.543601547929	691.674759962173	397.519047759478	518.689307455678	586.392125784088	409.53269267022	390.424614617233	282.764750502977	644.037057787006	268.236936325646	282.073359087888
Macrophages M2	572.519847792455	587.620088683877	331.449134746759	141.712261218383	550.167754357882	446.953901811865	402.169324579433	394.006081470017	523.576044492666	594.791168950925	492.525221863409	542.273290688638	482.941632496898	487.226899839712	321.533794111	281.240847111194	577.9124682067	614.509108072377	342.731736004338	421.289299162211	505.644016174977	229.524234293145	647.443685901366	418.873488749484	565.720017506298	305.10245584763	329.978655434961	620.88772705288	196.831254905093	277.161263710579	429.72410365063	461.447052720447	325.568661672305	504.933619406364	379.806414801561	353.685764463895	497.01259505191	360.052337809068	378.29547486327	412.289525956884	500.672007319991	464.677282586042	399.21048587968	204.704212886789	395.854755293968	438.099839170511	488.60178324898	393.816382470961	1038.07669336457	304.111654009443	252.218291773367	452.079017326577	445.034018978001	313.175411225783	593.976282533139	549.875878474263	429.746295743108	388.09758748735	504.778447260746	510.172308615391	375.020698598251	433.268009826915
Mast cells	412.25112441236	207.406042759172	424.68936169067	502.388688760271	514.00726781158	360.869491367235	399.329700408984	578.516902212416	384.761817953882	497.296039952571	311.825355622797	448.363888500922	323.903166704432	416.189848573591	388.507256797005	530.115169563825	295.060859671486	449.489661639935	536.373146999244	482.351666542765	446.631059117271	588.775787853171	66.4815099274116	466.587892427984	448.98745734111	497.448171989173	469.772716329122	241.434598490381	346.589830857272	587.50537233173	375.776607215807	249.425732856648	477.808509339977	487.854949649637	527.970692542231	356.492407921732	450.891947029653	527.0001814794	429.883275777044	528.873574831043	464.56737250879	387.352279845281	521.427325996598	493.712476483913	597.452948530875	340.850553131349	389.180158464558	501.828441520321	543.335926168125	483.078584026239	435.674639349142	0	470.130268080809	428.457628080239	256.133345107154	467.271322573034	422.012715240601	472.112071325581	528.090180971036	415.464305972992	593.21977341505	482.614714831668
Megakaryocytes	832.663754942056	558.072444329512	808.254177807081	902.514487511643	1093.25781084936	711.636156061986	1214.44825888247	471.477179497321	549.477457388389	829.911375890538	609.839555538828	521.221780947141	545.118039935389	824.550845921401	565.514438106603	931.341041840034	430.426546566863	1141.80344239806	826.555214026031	561.568053136761	964.526498685701	464.57235067937	737.406947952654	503.762865314865	1262.45814974339	836.648419553027	1004.15674476171	632.23739006412	1108.74018415247	927.130696466325	892.805053921039	804.748900051062	935.831653492407	1032.28336148158	956.957386620832	815.092774703961	746.228792902334	887.331726297883	681.616397784542	963.11963995014	962.896455315797	608.352142795143	578.942161572675	877.700682719646	722.24678333749	845.595550303755	1235.84935644314	1282.45904730351	736.811943888658	903.977843605693	824.718260543284	405.499356617606	939.580918027598	949.228215278687	1215.35751785247	860.419482540932	878.907813998118	519.455018840873	918.848145344278	1040.62427254904	1479.69472217733	645.381853769946
Melanocytes	242.638532284383	526.114354531513	440.948718354345	782.146326419265	603.354439965059	464.752036666561	332.092357583298	368.165670805445	1261.84355865715	494.020812020672	332.284663556342	682.463688155103	445.526397409069	560.987286974805	293.586540168634	521.980485440628	766.809584656007	341.431462681886	334.893389143192	907.689574054148	776.935370098797	524.578150423658	692.113920085152	615.60227043188	430.593951838286	496.030052749453	557.333313274494	744.440388727806	358.10370779946	405.766487135306	307.154509385577	394.671701874353	471.488341363684	251.454510377921	716.07113590787	484.784706220654	872.723901217854	828.711328106393	544.97187497687	674.641271372026	657.55514596037	413.291699835315	458.177440102931	830.847395768265	671.673313764653	471.66924793536	333.452845991006	630.283550544121	962.730525343239	495.671312593459	385.421546699954	683.325577988768	410.438378980048	566.775612516253	375.461437120771	219.52908017118	599.961212271476	468.750274153598	868.460827656921	524.879656949955	216.468374101708	742.621107746736
Memory B-cells	289.61339190107	902.621760539609	135.606726536003	197.72934303526	421.902571100838	292.321827216453	269.327959471567	231.023783311062	351.951839823757	302.944566534276	768.667261700194	332.485042231089	341.844432926571	359.906696409176	302.831252839758	232.246175618426	190.308094474205	619.881846581915	346.90644638484	311.687262724486	1483.53494584044	387.710529717141	980.641278027667	782.411217265192	455.019305906051	239.072892962737	311.58929018241	376.695467388254	194.256629473156	210.400288989554	965.641067439154	274.73212741374	246.047481077308	225.414222369778	328.265802784799	282.905976468855	242.640793086014	357.953530388338	211.721209902712	710.400993791667	452.323143397783	339.098038519605	289.145548405418	708.372348499238	255.919938604628	382.919694948688	239.305273432207	456.484175475726	786.495296021494	245.982896791435	166.874566168518	351.787056194233	417.274688680658	765.439647498515	295.132089866252	493.092658070917	315.460141987218	975.866320923473	253.328179808167	401.758637775112	236.737330659238	263.409023183012
Mesangial cells	547.135359453716	795.65386665963	546.549413663214	602.453611241845	539.600090616545	412.378057529319	633.642182258417	224.154215153891	487.437472643796	225.886129922582	375.573507069317	325.680004936563	234.058527209252	332.802986731456	965.076556372166	499.822203553823	666.327104666191	432.9615801615	485.70205495077	346.79624817874	1075.40843942359	558.968335124585	959.148278052675	778.786597145336	924.401560419641	493.652280061026	766.771261976169	639.863328217823	495.014638561164	360.993198124177	650.53524462941	631.66169092298	166.161583665772	828.56287860898	521.697189686712	547.676966007853	577.294963690958	502.206058630721	477.895039137943	996.916187458042	584.715993199321	432.53149719831	234.318035721167	789.766464059136	647.383723002551	597.365951514031	212.848287804882	564.120970101449	1113.98483817257	575.619687932402	653.860949997614	727.702008733523	357.363920185391	333.582239079529	719.812419565975	397.813452159708	550.791019880901	586.537377954527	559.590063213789	884.845268227988	235.27500964368	355.387588745315
Monocytes	450.749262424213	737.380039137368	201.587294763443	421.624176121033	625.78693549753	545.675553121085	612.689790122734	225.676687542796	350.767523672509	510.916661489855	181.305879314499	240.794930544128	447.370234261272	273.802123010498	570.062004438159	375.345548981845	176.870335908955	512.3756522681	536.333433236584	297.752464051735	754.899426423226	430.164816511122	658.461937207149	482.774741104523	699.400853707695	271.581463540607	500.22391973396	665.849274170166	339.109303378736	402.796892355498	563.967818610799	399.713293705472	267.106160218954	425.181334700509	376.583008203115	353.825943884703	370.619291486051	488.510653241196	447.868141637453	751.79134556091	639.904499580329	563.535936187339	234.773909243731	422.053434744697	277.75905092133	522.883310383026	574.61530894757	308.703196124086	1026.02332358757	283.208769131291	396.114071729461	598.033092391363	491.483908804554	421.542796446328	350.498890937082	496.401965185732	421.252686819523	572.212034391467	336.703861846704	841.945211316485	407.969327642462	75.5930471977066
Myocytes	624.788128784034	259.938544913725	436.26328691777	534.789204257177	540.245540733761	530.062567684915	2368.81450991129	648.707247084636	367.985968967675	532.919686805081	2938.40614629741	492.353769331387	433.231674545002	627.956630245943	746.03494480493	699.952093701514	533.001776665483	2652.34292807037	657.445161162057	493.737022518962	1427.28584460502	547.036229203116	2380.92186668262	478.932118829205	2661.03641349518	486.30919386065	567.735460901339	523.063862459183	2084.29871354398	492.836508406257	581.332251650906	571.303232534958	470.091363847081	409.597658871307	616.756662463668	401.559954210551	683.812574807483	627.69973936454	470.492865316635	401.969426290729	535.905388710951	494.013130989792	563.336222654366	621.240280758812	594.858367969447	383.105553930756	1417.51704433219	324.163936709132	549.330606200775	475.23765114468	544.430574392598	365.486116215903	479.790182869368	561.278038032251	3371.13132497118	2300.94110957597	474.603894507512	507.338010047521	566.583876317891	604.078380283184	619.409353857748	610.385662598675
NK cells	441.718047829598	306.490582075375	406.219419151375	493.901460293924	444.375745599326	246.84851987214	329.065080938728	536.084129790604	467.127824301548	607.186826844713	363.113899167076	457.918385291503	440.928187059999	457.637177881355	475.865703119792	493.977197428672	430.894606364211	452.155404205843	464.816202324521	532.60071560507	593.310145799432	473.367620120303	376.981101711151	303.70023073879	295.638641683516	416.208596100381	656.192641908409	236.249695073316	327.170127498705	436.184682408418	547.690615137686	424.320707098908	357.218378887341	219.917467264432	547.019578955103	260.876948324442	438.861736884957	496.756822172838	389.076078045668	553.025877771677	392.834937020305	426.51756505986	564.039027952276	767.521665326434	525.138589807079	395.624303527548	504.164902656267	340.440781934809	503.897789782708	400.102644250436	381.739705520325	602.540298860604	456.484040234853	457.825777956555	159.389516204054	375.80439906624	349.594300948175	536.113395520498	411.114003479714	447.403134510621	707.907298157405	436.921688864818
NKT	595.085007395871	941.307803274804	330.783791984092	356.763471829555	549.818847701014	704.664834043853	653.371965518267	412.447377396772	502.583289550459	171.733284975595	583.659080665013	493.034708606484	471.713215117881	301.097877385027	831.963236231158	161.99239053015	582.668294559853	520.158705742708	333.20040665485	455.155670588221	913.536725396121	423.884471935524	1127.00655667897	978.270042949771	852.713896215905	165.799707732142	427.207231803149	903.781243788081	478.441588219649	308.466724845222	963.270682459989	675.61803590819	329.571753015015	578.923430258541	45.6662297364049	464.92370750537	401.425573609398	386.780990908346	340.739659095953	530.038685776532	592.099075499465	328.472390239666	282.267026131198	294.333822334041	158.323489293036	595.034263965247	262.758696817494	173.043929442832	511.778763791384	231.226585752792	297.29894947134	735.749084500337	316.944893421574	355.825495057276	1347.23777392503	544.243743257338	476.444478064338	652.535608623587	272.154643067669	806.146641784361	27.8299981847517	360.856584591284
Neurons	273.832273782851	236.834047885412	394.456830252072	528.681642979045	542.812005818771	339.196401997622	487.7873822919	360.807630695455	494.181701522066	313.947316029919	407.061551101579	260.65399058107	341.590404875316	468.917518955212	898.933969856541	641.252866254325	559.062369996568	262.866954906	431.556708610928	185.82265306507	167.288818836957	414.634779537346	553.920082387963	333.422941905866	654.592593437809	458.169703612602	614.828617085037	405.271009298941	339.934990870188	612.87989799457	494.681195246342	219.512289585222	222.208118640879	454.01511320763	667.450575547134	244.151765295895	454.743759960475	412.603813345603	270.554247896807	596.275327809661	428.735048137333	300.705549724442	329.975016774343	713.110896827624	503.13863574145	372.349913347497	150.069922113838	271.65675276749	502.441995541242	460.297346781154	707.554004324657	295.03870459162	222.236993019214	381.03921510418	562.961289189715	321.962366701849	359.591088722609	287.682002215791	638.686910344405	466.926589625589	570.595928929122	385.956196284475
Neutrophils	602.794974043099	519.446224593105	519.609351010949	691.720260173153	358.37086387162	661.638457620073	530.797395806098	440.686530770508	524.684947536082	455.508912942518	223.66449585427	524.161769457574	467.576733633713	479.540457772775	401.676300591137	521.000716350479	409.761491442864	558.788958902742	502.263940607747	584.821668320418	639.760825534921	661.199888681527	256.93379915386	398.537172000977	267.377498169527	556.861096758177	524.581847901259	502.221616182205	346.955081837716	489.49798567369	445.172343159066	448.200440978282	519.955208869742	609.612828586317	576.194108572446	632.661592649627	672.36331763736	696.579142203564	469.971145995673	472.029060390917	447.183163226227	527.717748566689	542.617055955003	599.826456374878	516.41111418788	516.567480311009	981.962695557654	720.447606909366	810.031985998532	442.698452241332	512.499519161132	691.390347369385	453.241589101701	481.800045583681	358.05847902592	480.411437710497	361.177276106939	408.422420435678	546.738453867094	716.026921298071	797.400631215408	377.886419609235
Osteoblast	501.135123834606	765.156103833	545.922290127422	447.573066066219	710.217858403183	658.583200636672	610.748988502226	676.584201763893	478.113439877901	541.599604474607	699.190572911365	573.655956546912	642.29287549883	686.172358912409	672.399218347122	506.107865728048	742.73008028972	591.307946276766	606.802635568583	484.3675102496	308.433128595956	501.634359030156	725.134666119146	503.947677058123	680.71213007788	502.353362906724	314.331407896807	719.127311764213	528.122519853625	532.434050021389	547.90826506329	603.851174428648	622.333446674255	620.310830088129	420.000381277878	606.583075112023	454.746550324588	497.956928814988	583.221260912981	269.057644373799	654.009878173194	772.408676434583	427.759681296806	370.388633464632	425.783204290548	590.046482897287	483.428189001741	434.840494980699	542.22295289291	498.410729765048	551.957686841751	663.831193600186	596.718635013445	547.140239333646	742.511724644471	686.376364554892	537.320774900184	489.13444435985	604.749489649358	555.860505998998	510.75180797025	667.12204205707
Pericytes	524.208811423873	845.146443749889	341.28157004143	864.599234246013	785.179633416861	706.694722433103	849.753379228718	533.393735162567	647.858096988362	345.224762736524	596.701251483207	533.750849278167	535.90456671052	719.452101367202	1554.03039640444	888.72709096084	500.208498648757	588.845480041007	1021.27687348028	370.258892187366	698.29993533732	919.923885464007	1153.18854091887	986.485843192278	1381.16046467723	706.651062080606	842.721973783482	666.071165199247	737.268618244584	774.551587840104	1114.94523452433	930.023101965784	564.503018694392	1076.55062551119	432.424950815776	648.748890868502	441.689078754872	441.101291420134	683.587644642355	838.17443584679	649.370376795118	483.448335502779	237.376609706126	384.539682459319	497.189761919074	577.600372747335	669.142232499392	502.81887027489	1413.62711125294	754.46125483369	836.165622843715	767.208511455418	518.779473420551	797.598831234212	821.465845776665	933.645625319755	672.200253479945	644.483669870526	1001.4504621181	821.37548376235	772.942846459636	640.227228255704
Plasma cells	713.543638733812	720.544993252688	417.533914149177	427.434865535814	479.593292481303	759.017868810058	449.647900399805	611.478114725816	552.042643376965	432.22107583737	774.220482847101	594.250099114268	707.03437673843	676.792837208548	191.32062581639	298.573315783475	631.179153013775	633.596963060479	523.674799377453	491.85106318734	205.395432335496	773.011171187324	444.248159400075	571.288320283306	239.160946616863	553.831748457271	233.360871345831	631.784509209507	619.995862903389	455.441935416853	759.879780456674	544.366985399363	808.007283805861	336.257957963419	425.438660352937	653.945700470113	547.693896297646	461.837227591365	474.090221921931	514.363026476534	485.079344087522	666.971572752708	486.082085170667	362.610069041338	788.440195966294	557.759097458211	798.093402606818	565.316416516251	356.685896764414	578.69835099548	266.391018878958	671.766628975865	552.099397805747	717.420193910335	812.783512310498	643.459727450904	664.941884380588	419.049198690182	557.653986650125	265.854456975353	518.883979151768	839.688580338025
Platelets	399.084198928036	118.955713679775	388.818580339568	397.962417457881	474.677083147297	460.755930373307	618.670438148635	339.216616895667	246.704665708024	409.434092318539	594.551426701595	238.727918225462	320.235208202534	473.076890716013	292.282590004125	565.630889676229	295.3033184478	653.700777660495	354.95312623559	378.401904789865	321.885592034933	200.341811055476	415.075281629207	130.180964901396	620.901876827627	516.958657479561	511.091650508887	222.46004394199	661.051008368102	477.429278820417	337.580968455894	399.089016599517	489.023002853097	420.143458414055	570.707462745129	401.501391455753	325.490270908316	491.055710585695	440.609857368732	419.725308732389	362.536398622693	322.215511699918	420.07276823936	431.460467123907	335.761153946278	385.247683327569	581.17686535895	521.228800016847	121.847974364032	428.831659896775	376.476386830933	202.466216236329	476.261854963127	508.749424948154	610.678437906863	479.325010415773	411.692762473581	297.970805932214	482.748251421779	409.93297685685	683.180957987113	357.439837269679
Preadipocytes	351.939076475394	166.395732914287	470.064986113376	563.127319989473	667.176296727864	462.866581997611	538.101101503152	389.710425199342	127.796073721763	456.223106629811	410.101471881572	287.469656601975	424.472388907115	568.527340276293	327.420678051137	626.215118555936	356.735025300814	551.366984154528	647.443322323161	643.461559386856	267.641226477307	260.607237654882	249.708303577233	359.237534671797	705.234653019929	511.81540938653	553.653149430383	223.56378637491	368.575158894465	625.717720892536	613.273564935281	515.47503188242	386.732045485752	490.030961771201	611.304510740168	502.854146573044	568.628977015019	547.19012706244	501.417804631633	531.740135807928	579.307547438069	298.489223870814	509.480756925279	274.639944817815	490.281627454538	369.592147463977	582.688636092099	438.511106722908	361.481006964545	547.888334227465	528.824072759049	215.639569000959	377.686507271708	456.585817786913	475.674368509413	587.564458129778	536.822879925756	305.65434902866	770.014446843245	502.940650649982	607.81081320623	539.492888993508
Sebocytes	629.703841621251	1768.35408685422	1136.56403708738	1211.3266757047	0	895.006102561143	654.23462517271	544.523523724573	1244.6363389403	854.952661864742	571.736191245342	1100.70151900262	999.75717123302	775.688306705333	979.823843084325	669.057255380175	1232.67082211849	633.52293419784	851.055447085609	509.321752947563	1539.64265736189	469.838906507029	1057.42153871763	1403.94952923859	297.116719469042	1474.92892633493	377.559867185848	1375.05697785154	711.709573415992	912.544746873191	977.549695278919	1197.3075453909	424.640509011629	966.572941532658	924.828956682934	556.916397962027	802.603986628894	1066.06926573956	533.356961901971	1202.19281321153	1073.34211136052	1273.76589876953	932.340047896591	735.891627746521	885.553655407991	1515.79958998319	764.31287784493	966.819548118253	671.672908250912	1230.44400717951	278.308422807579	1732.6769901222	900.84932253579	985.316781252251	965.361222218887	518.511042033143	1188.94090554011	944.88814278933	626.575430765385	1312.14909121666	362.918436814862	890.320352863875
Skeletal muscle	455.167936782152	507.768825598993	287.773026731509	374.265276001059	480.80110920875	573.389586038125	2824.02283920899	355.566615889998	286.13923817509	322.600368518199	4491.00829825645	430.379838231716	325.450373572111	444.606449247987	700.76006672161	498.17751896585	281.823303265587	3745.51880324319	416.825353832861	548.334430907979	1330.36813810515	312.387618390354	3024.98258337308	324.054749938823	3432.77442899827	354.953092549001	341.048385647268	607.715404740916	2336.44568203329	151.271782493992	239.854808660023	454.752461381414	423.211112237634	254.940743188653	281.58866592672	614.094888747015	202.558733097102	190.912826180213	496.971157920313	203.125382803972	451.222371754205	431.570554772747	385.393233902205	583.735688501314	117.800333425104	455.765771426772	1329.46903457158	451.845078951117	300.692595982501	466.041228715245	310.20483561494	687.724778247757	427.719424844136	263.209943906168	5842.40258311406	2640.84424825554	347.664822941407	381.257913138316	374.816102637678	467.805319743034	432.756198284804	189.57566013128
Smooth muscle	180.29752110289	314.657595598963	405.56659406528	465.368655919775	791.957769704411	230.344983961615	698.696945377066	536.716350757595	374.051310637239	523.484735068102	656.732071572906	399.227790971743	509.974004831797	595.158953440499	765.484645965343	569.685095575037	522.35434039287	655.999958107177	725.216608015167	223.715140048769	405.520411903508	400.888373562429	557.032034741661	531.501542458861	859.465805245554	499.28097610669	612.810519989358	596.953334088907	460.489239154439	546.757838746804	625.864064116736	456.510678708274	260.347635430378	674.210707473641	620.267913969008	128.085571929244	360.432735967213	506.213727894697	475.834306335416	521.755351142863	512.334077129156	624.745926492089	452.972890194107	329.959978939738	500.81396998168	440.735469301369	330.520235026449	165.183381172343	619.43452537802	498.105144562367	685.564069156095	206.297436161294	481.307607212866	578.698953460297	545.04004393432	661.636171421395	475.850273147278	414.265429901109	645.638287155895	526.119422193676	712.568143015454	501.44741553538
Tgd cells	245.789008249724	281.873107508438	204.462333658384	41.528592597035	187.521983667899	127.293553633249	50.5628676262847	406.27890751152	213.400141582052	341.960236010537	53.2897798287753	503.809959831263	246.889716465032	257.090623875283	132.788510051878	64.5652464427782	255.081534436312	41.9031770270706	49.9702262502275	538.234324607145	127.56209172097	239.87895946348	230.401976956015	131.743094393627	48.8838992608686	62.8332404637519	237.287217772766	260.821340036264	115.488428035792	159.661645771635	256.557487716315	336.530551337165	261.713693454306	0	206.36470719402	151.96639114498	272.486643641203	192.979853155293	208.456396931292	117.63063924591	170.321959510193	323.284837647201	282.112758277328	236.721486022619	143.631824860806	108.011732054016	206.7036857836	152.965751331461	109.38818563481	37.0891876123751	202.754687609193	381.697237053658	232.919288491934	177.392084780905	38.4429427055456	194.645771877256	125.850389383463	308.935849588795	91.9674308838633	46.2132130196554	294.003435411199	224.791776776223
Th1 cells	694.752980860626	1300.80951960703	634.120038060216	237.668009781757	911.467117934433	1085.85105204562	485.155544865793	662.109624558777	773.333401711134	563.546110728529	608.12438153211	588.900234370141	780.111783307431	819.501790003724	648.773118362042	339.845976106192	728.862964763647	550.742830795299	363.306579803654	965.974718513718	84.7612235439919	359.317322446224	1325.96570944252	736.386138417033	345.637542007737	464.496203581836	12.8646928244686	1114.53400532522	650.757822385487	561.000083582866	806.794426105351	954.634154927394	845.119053507596	613.148903778348	88.7350983246988	813.569775402587	450.50944367821	210.114839982371	849.242371856411	64.5199545645203	673.770707977451	959.933835410478	624.588453459466	352.551959389949	167.184072874254	799.047663170699	818.251689861562	464.177822965616	73.1251585137613	560.017097627445	348.92239540147	1502.33374329852	813.375284978992	458.892684727399	756.764158832059	601.506184300141	547.598959986254	765.744958422989	525.193264452485	406.351827678094	623.083499256928	718.251941422119
Th2 cells	376.246396838964	413.987421159033	434.228433899453	239.458458679357	517.754944134976	64.6724542216202	426.378470056167	1087.94034218867	641.044778710715	796.83406141401	573.161281443067	996.192229051272	454.549604406845	768.175608011616	916.354594645352	669.622261220933	798.353787275495	383.438958266715	753.151442396569	1070.63364696255	298.210086378258	576.307898378245	626.361386896356	483.521049133668	527.884722751385	291.620289549238	734.484874129578	549.179518444082	601.272598892558	506.134520832813	581.015904724999	667.923081758343	531.527472109118	484.292474403885	922.913317997919	280.903589760765	754.038811702508	890.532820520949	419.829210206935	312.570015124335	660.804026469558	789.997864748287	823.292146342717	773.260033400722	812.83924418046	319.695198521111	539.467890429672	191.188599656903	804.992796932998	220.764121695569	782.546190711418	395.740372404671	667.667215335032	491.390893228105	387.251809934005	650.683581527291	431.034193084811	867.635061202874	536.580576821494	454.791239629256	969.313860483084	502.158352976339
Tregs	929.949313983447	231.835827066211	445.057497278144	780.281398070582	447.923816872323	504.843676139368	669.486028652819	764.475839243889	515.652435050266	607.895044627591	648.133557854372	721.257087633269	527.467505628947	610.369258449903	564.313959447802	880.505351320264	232.162846238849	768.333107501882	550.255252699783	1128.6040272848	1075.61254284154	841.45129197765	263.54360849179	633.193625589179	962.814231109555	654.812270803908	814.664513200883	58.7290480669614	563.465559789045	682.318511916711	895.510142548285	424.285815157149	704.083664540505	540.090274068135	896.034888411674	742.087379093205	862.345960328284	623.543835195974	791.664198483343	937.092383076575	755.147404859305	477.008581871201	675.668497539189	1085.49929833194	937.358898651694	447.033276004742	721.071986299891	835.853243933178	899.769415935002	478.550061880729	629.494253321223	361.012248859197	770.8390326612	965.74649095171	467.228457999208	769.557673760074	530.617833765884	872.735363016919	597.144737492594	685.263596257608	671.655312556782	502.571148997984
aDC	725.368033060393	1830.77415315091	194.335463300603	492.941425567627	1499.79076060058	742.155033561461	970.925384725886	283.566130688252	470.698223830256	1073.83637353851	382.489298634446	437.254878437663	672.589971154091	457.461198407618	897.133991721391	282.360385956316	532.487616946294	861.224162835849	698.564939123888	491.891526694573	2123.98102223066	537.529592063882	1710.07160644151	867.264358335995	1846.60435467831	437.0554113801	1112.24227029001	1154.91291803088	568.43131690636	866.065324389423	1599.01883934795	565.114917529973	168.147166140286	764.409351463978	466.346412524089	588.429790203307	462.770990715929	634.997045264926	606.463716105262	1710.97302310218	1063.84545817939	966.982688581801	422.021137229012	1592.75908950685	725.740927402138	837.771281561297	195.064653837307	476.259188108725	2076.08140659979	386.377041763722	743.869968320804	1245.70801516777	988.698320182004	937.898325886862	618.267849560492	709.931146688168	535.722963924563	1518.39798771404	267.280127664841	1464.47526637495	675.587103303244	298.984643454724
cDC	362.81718398273	734.019168946081	536.935087015173	543.854120426964	848.038599309463	242.325568048302	622.580486503629	226.129770106163	343.694832232917	699.644613210869	354.122988787805	442.747300517028	520.992604725738	465.405267472461	389.256239742504	468.139873414245	491.03878503348	601.13869240629	645.689921089833	512.207547021279	992.212214374162	602.236252393186	449.163728970118	558.408559912121	1095.02313643371	728.669321222876	803.356893246247	732.486366896019	471.606356929872	737.688567084074	710.654174430458	373.459312285697	181.109845071656	535.644444065004	838.016585345918	331.871469936244	417.595472148084	653.707259142095	421.847901991033	833.945830215989	809.867240025871	643.778352736008	590.822184345901	614.50196500203	631.302114820558	537.325328020216	338.871295264227	507.301271781594	996.023349288439	388.448677262929	495.669249472609	557.543167171544	606.231905229714	597.252293650989	360.243842516496	658.704759789853	472.901806164265	683.05451151553	503.451374236237	940.7312626791	617.869250830256	262.432567876852
iDC	186.117842191517	1212.31195076411	381.923621117825	687.206530993557	1052.96672614778	615.381790320129	393.902326085218	260.06043907329	672.521242556261	887.825594848796	552.130029020438	522.283406110933	361.977785088105	356.884597334203	540.937154078612	662.913605294552	649.794292999742	769.417929781948	773.61533527951	733.934772301037	861.104426382886	423.806909504147	978.095369578685	806.45272286884	1194.17663270215	555.160535313605	1021.24670645517	774.798195878066	370.312553388201	549.821523368158	736.464196630267	335.369303554229	51.017506809632	351.76068108518	912.920919382576	202.803297783405	366.110234254914	785.33682789039	653.057858045485	765.825144943837	767.082452729089	733.27788423189	629.742306909468	506.172631494982	1130.935076667	656.191033421145	241.670876786429	297.435986118331	1360.77090693669	258.827722375026	1115.56293830965	602.175996497614	395.816108044117	529.161734228934	626.303558500509	634.300851858761	523.608432005071	563.580595078086	1071.64947414187	1174.93402920521	507.033621393228	206.345438188031
ly Endothelial cells	1210.91058782	1667.37887070348	723.254543797612	1013.67643703949	1626.25239313757	1338.31486875055	1868.9917779705	194.419872173346	541.929516071966	720.710246942632	257.522708708204	406.577852504451	530.524567414574	732.339637011216	1918.14925481501	662.43657007636	257.120280859519	1082.34901754286	913.268924197036	0	1177.99759655546	844.174820397812	1868.55012958657	735.035725182624	2257.94975759078	954.013536547813	1443.66240978218	1758.68311446473	1399.75842410699	1282.42724552505	1808.55445239743	1765.54199588393	687.12674561511	1299.45875438014	300.331618975474	677.594188708805	436.515358583521	349.17213238021	303.563807097007	1411.87981812364	711.228096756642	576.43830381512	64.4167645885134	686.920860064653	304.845481323979	947.92451832443	1644.12740093178	1126.89646386829	2473.09911379389	1205.35264919853	380.626451699738	1283.98107477577	371.194608582912	750.607450740045	1942.25614436837	1315.88463571991	1092.11528742712	562.627647000844	873.137836217316	1164.94291000502	1668.47361842759	702.83333503711
mv Endothelial cells	664.734705344439	1050.74848253527	474.662174259389	560.665550152138	950.831097664749	841.579591484491	1005.94131472204	179.299258678642	476.260106989427	389.133936844273	145.080091041955	388.285564860398	375.056438410077	525.151574200069	1088.35440456658	403.45087689241	388.165012080584	618.673682374876	620.805458694135	111.702087046236	600.767851377758	543.954035929049	1168.26850084182	645.253938929445	1134.94349459937	588.750743844523	751.183657142551	1098.64656267822	805.90100167006	713.405072080135	1012.2752223251	1043.19757083857	519.619216271487	747.917556970559	172.989215109293	493.523085659567	312.861003333465	262.619687386211	339.060947938794	851.65351778082	444.014884560882	468.301981585802	116.4514443945	422.115598816465	233.121664923985	626.360007411641	908.352345254004	615.356533385977	1296.58106309722	716.986261434525	408.354064150271	870.492469054514	277.668339579613	450.018508810553	980.147784934828	728.734500734341	668.178684571111	424.618461361203	591.602112587278	692.360566198421	821.090183296144	452.305956847674
naive B-cells	432.512949996933	790.09762845753	320.893864139835	500.259430054908	498.667300231815	330.069352912523	374.947499602316	454.156735638401	529.784607065313	489.135582038948	1064.1602694717	561.232747592867	461.717799216325	479.483353008624	327.588001330868	485.064847206947	172.306612831799	797.774768906061	506.114840675778	614.928511843407	1604.39682172033	657.363821913948	747.474417639663	817.334047212983	428.610690095575	402.132712697728	603.306728622937	213.34957017748	329.512507096802	467.499869965947	943.375423704115	314.643123273085	435.325320764123	358.692770901256	676.609086719279	488.514988633289	522.035423584545	588.290131052618	335.254690996622	784.841019884794	631.994717215005	386.845185637568	618.846815140319	880.161239221645	623.773800179078	432.72704374296	386.169382127176	552.224379110886	948.228868235851	322.98105503372	444.261148251479	203.802286829621	580.468223211738	882.417241358924	428.744126087582	650.250292797967	435.263610498474	1074.6189526189	425.623185060711	580.379345257974	479.894866258062	400.980521257386
pDC	479.800072896308	565.37707585481	553.472260686858	569.334053341757	566.084255906137	400.552378528197	462.881586868172	348.53000421287	316.463983315934	596.776711262384	786.039473357603	555.714398839929	553.008976854701	606.827163326167	135.328866092493	489.813277598787	367.143457515367	657.258558151667	431.482173853257	669.450087209425	629.710145816668	554.382986918439	610.590327704961	339.856687981296	520.12700832395	561.526297473961	668.211729743637	406.338973846023	549.675301203707	365.009260419765	494.118913074276	414.99294302397	446.995342140519	403.386828322677	647.649136789479	521.441801537519	399.579585275433	474.030474439788	448.651036797795	202.61053556677	577.387301599739	579.439962335952	579.448813745908	544.586454904278	343.119171589718	474.19804995987	590.035308674572	501.105098231588	539.07536099502	386.27138108396	412.389065890094	451.513517498033	720.227404929141	485.52640940734	714.472480298981	501.411750093974	325.648686837343	496.464733721178	516.79781704003	446.156893708961	615.928619961336	385.828334413087
pro B-cells	536.716538432833	627.732927579324	229.696265996828	95.900698038138	435.716308493697	632.005157369787	335.248366361545	443.578937810059	321.682110075023	279.24560466064	675.762537431425	448.396974809079	366.525382174467	317.559373152332	385.728406857617	194.082826336895	352.293074595928	483.88637499597	250.727796875602	465.820574670874	535.090111863583	271.213065044847	870.862267349244	526.406176372183	440.928521871455	185.148147635192	272.017125675449	512.141219321784	380.386502084261	260.248906963145	745.18809348825	529.578611655854	379.111302857716	259.855335830644	153.514724195388	359.054708613942	260.566328408101	224.988788567878	305.464081644255	312.750869141179	284.486388813908	400.5203361075	237.319071007718	373.166568483721	171.441645886758	350.086900410935	455.873170918295	299.18749800369	412.059055512574	270.712886519048	341.326567414032	613.153785264587	358.05758523617	375.861273387453	891.872351864243	493.479430746269	297.450547748757	548.476772266819	197.274369640341	275.813995802573	324.394484376612	288.797611546939
