	V1	V2	V3	V4	V5	V6	V7	V8	V9	V10	V11	V12	V13	V14	V15	V16	V17	V18	V19	V20	V21	V22	V23	V24	V25	V26	V27	V28	V29	V30	V31	V32	V33	V34	V35	V36	V37	V38	V39	V40	V41	V42	V43	V44	V45	V46	V47	V48	V49	V50	V51	V52	V53	V54	V55	V56	V57	V58	V59	V60	V61	V62	V63	V64	V65	V66	V67	V68	V69	V70	V71	V72	V73	V74	V75	V76	V77	V78	V79	V80	V81	V82	V83	V84	V85	V86	V87	V88	V89	V90	V91	V92	V93	V94	V95	V96	V97	V98	V99	V100	V101	V102	V103	V104	V105	V106	V107	V108	V109	V110	V111	V112	V113	V114	V115	V116	V117	V118	V119	V120	V121	V122	V123	V124	V125	V126	V127	V128	V129	V130	V131	V132	V133	V134	V135	V136	V137	V138	V139	V140	V141	V142	V143	V144	V145	V146	V147	V148	V149
Adipocytes	0	0.0700166666666666	0.41389	0.306263333333333	1	0.137986666666667	0.173616666666667	1	0	0.37784	0.0336233333333333	1	0.803303333333333	1	0.51628	1	0.549743333333333	1	0.898953333333333	1	0.0154	0.600586666666667	1	1	1	1	1	1	1	1	0.143986666666667	1	0.565173333333333	0.637193333333333	1	0	1	1	0.56894	1	1	0.000166666666666648	1	1	0.384003333333333	0.945	0.761746666666667	1	0.945	1	0.0439666666666667	0	1	1	0	1	1	1	0.761746666666667	0.8082	1	3.33333333335517e-06	1	1	0.0540033333333333	0.561156666666667	1	1	0.26985	0	0	0.0986866666666667	1	1	1	0.744056666666667	0.00131000000000003	1	1	0	1	0.73959	1	0.122953333333333	1	0.0143533333333333	1	1	0.21752	0.0323933333333334	0	0.73959	0.82739	1	0.321106666666667	0.03074	1	0.878063333333333	1	0	0.0433133333333333	1	1	1	1	1	0.784383333333333	0.637193333333333	0.893473333333333	0.462233333333333	0.971956666666667	0.330343333333333	0.0433133333333333	0	0.62908	0.438016666666667	0.534573333333333	1	1	0	0.661793333333333	0.678616666666667	0.0028933333333333	1	0.0198833333333334	0.0971266666666667	0.330343333333333	0.22493	0.00534333333333337	1	0.57677	0.371446666666667	1	1	0.275493333333333	0	1	0.56894	1	1	0.0711766666666667	0	0.789223333333333	1	0.145966666666667	1	0	0.0313099999999999	1
Astrocytes	1	1	0.13047	0	0	0.0233333333333333	0.00166666666666671	0.12528	0	1	0	1	0.0389666666666667	1	0	0.13655	0.104773333333333	1	0.0748866666666667	0.0171366666666667	1	0.00117	0.00319999999999998	0	1	1	0.316083333333333	1	0	0.216336666666667	0	0	0	0.02011	0	1	0.00812999999999997	0	0	0	0.0161	0.162836666666667	0.153856666666667	1	0.0165533333333333	0.303253333333333	0.00249333333333335	0.0161	1	0.167193333333333	0.23223	0.1488	1	0.00984333333333332	1	0.105816666666667	1	1	0.0469533333333333	0.0855966666666667	1	0.00125666666666668	0.109336666666667	0.0559033333333333	1	0	0.01792	0.00249333333333335	0.12628	0	1	0.07322	0	1	0.0664233333333333	0.00558000000000003	0	1	0	0.29826	0	0.335316666666667	0.00372666666666666	0	1	0	0.120966666666667	0.01639	1	0.0130833333333333	0.183976666666667	1	1	1	1	0	0.0789166666666666	0	0.260596666666667	0.00105	0.000870000000000037	0.31924	1	0.0242633333333333	1	1	0	0.00204333333333329	0	0	0.04765	0.01457	0	1	0.157983333333333	1	1	0.0297133333333334	1	1	0.0865366666666667	0.03146	0.180913333333333	1	0.115593333333333	1	0	0.00531999999999999	1	1	1	1	0.0916866666666667	1	0.0304266666666667	0.02029	0	0.295803333333333	0.1522	0	1	0.115593333333333	1	0.292066666666667	0	1	0.01792	0.02728	0
B-cells	0	0.00797000000000003	0.548146666666667	0.04635	0.0257166666666667	0.252243333333333	0.03379	0.153756666666667	0.38549	1	0.0117833333333334	0.0135166666666666	0.222146666666667	0.434356666666667	0.0245733333333333	0	0.223663333333333	0.05531	0.31517	0	0.236183333333333	0	0.000426666666666686	0	0	0.23776	0.02049	0.705903333333333	0	0.321126666666667	0	0	0.508316666666667	0.107203333333333	0.279476666666667	0.117383333333333	0.548146666666667	0.00134666666666672	0.00634000000000001	0	1	0.0136633333333334	0.41175	0.00119000000000002	0.0633633333333333	0.0268733333333333	0.149313333333333	0.0112766666666667	1	1	1	1	1	1	0.53896	0.0345233333333334	0.250713333333333	0.22966	0.30721	0	1	0	1	0.41694	1	0.141573333333333	1	0.442076666666667	0.02424	0.282826666666667	0.222146666666667	0.0283333333333333	0.0238033333333333	1	0.22506	0.205096666666667	0	0.0417366666666666	0.000539999999999985	0.0136633333333334	0.01789	0.19537	0.173023333333333	0.07019	1	0	0.62789	1	0.203586666666667	0.02406	0.149313333333333	0.154903333333333	0.00610333333333335	0.468596666666667	0.392443333333333	0	0.358613333333333	0	0.49096	1	0.554523333333333	0.0121633333333333	1	0	0.00622666666666671	0.00610333333333335	0.05665	0.18196	0.0075466666666667	0	0	0.496686666666667	0.387796666666667	0.317186666666667	0.00424000000000002	0.331393333333333	0.34594	0	1	0.319186666666667	0.0197033333333333	0.0113566666666667	0.185706666666667	0.31517	0.0107833333333334	0.000426666666666686	0.115416666666667	0.387796666666667	0.43171	1	0.000766666666666693	0.29021	0.000266666666666637	1	0.0901866666666666	1	1	1	0.178006666666667	0	0.263943333333333	1	0.855956666666667	0.0591666666666667	0.000539999999999985	0	1	0.138443333333333	0
Basophils	0.0061633333333333	0.223063333333333	0.54797	1	0.32039	0.799596666666667	0.373863333333333	0.505493333333333	0.505493333333333	0.145976666666667	1	0.31734	0.182673333333333	0.14501	0.36837	1	1	0.156703333333333	0.22605	1	1	0.117793333333333	1	0.246743333333333	0.16902	0.24461	0.39728	0.128983333333333	1	0.210106666666667	1	1	1	1	0.179003333333333	0.161273333333333	0.19333	0.413406666666667	1	0.19274	0.83949	0.252103333333333	0.703506666666667	0.0962266666666667	0.25	1	0.396683333333333	0.577253333333333	0.428376666666667	0.0835266666666666	0.631186666666667	1	0.123673333333333	0.0943233333333333	0.139306666666667	0.573063333333333	0.0825966666666667	0.242826666666667	0.308746666666667	0.14283	0.0927166666666667	0.165646666666667	0.408003333333333	1	0.09939	0.749163333333333	1	1	0.242523333333333	0.553966666666667	0.368986666666667	1	1	0.05274	0.130223333333333	0.243946666666667	0.283053333333333	0.35471	0.795643333333333	0.21292	1	0.3305	0.341273333333333	1	0.225323333333333	0.251823333333333	0.29729	1	0.337606666666667	1	0.17398	0.222063333333333	0.326926666666667	0.0583733333333334	0.188273333333333	0.159196666666667	0.255826666666667	0.158783333333333	1	1	0.907893333333333	1	0.15542	1	0.206276666666667	0.127803333333333	0.40534	0.52881	0.608916666666667	1	0.176343333333333	0.27865	1	0.125966666666667	0.231673333333333	0.11559	0.268196666666667	0.668753333333333	0.11062	0.138476666666667	0.670136666666667	1	0.509986666666667	1	0.22231	0.11941	1	1	0.210573333333333	0.0266333333333333	1	0.0975366666666667	0.116603333333333	0.0980833333333333	0.288336666666667	0.0853433333333333	0.0707533333333333	0.11166	1	0.876236666666667	0.19838	0.837176666666667	0.172103333333333	0.439516666666667	1	0.195433333333333	0.659493333333333	0.352376666666667	1
CD4+ T-cells	0.01414	0.274443333333333	1	0.241486666666667	0.217443333333333	0.615656666666667	0.0329133333333333	0.353926666666667	0.579826666666667	1	0.311703333333333	0.312283333333333	0.166283333333333	0.237003333333333	0.176353333333333	0.01639	0.542843333333333	0.12171	0.301746666666667	0.16507	0.653636666666667	0	1	0.04012	0.33244	0.480983333333333	1	0.29986	0.0921833333333333	0.29469	0.0651766666666667	0.0967766666666666	0.56607	0.547146666666667	0.270026666666667	0.999683333333333	0.424936666666667	0.231986666666667	0.47425	0.642426666666667	0.216143333333333	0.29469	0.448616666666667	1	0.22549	0.446166666666667	0.40081	0.562263333333333	0.664943333333333	0.999523333333333	0.608643333333333	1	1	0.13199	0.46069	0.547676666666667	0.479163333333333	0.23514	1	0	0.145933333333333	0.0503633333333333	0.58847	1	0.462053333333333	0.606226666666667	0.66349	1	0.25667	0.434626666666667	1	0.62284	0.36807	0.534673333333333	0.46069	0.414913333333333	0.352016666666667	0.400146666666667	0.21133	0.268916666666667	0.0335333333333333	0.58566	0.515623333333333	0.543373333333333	1	0.00741999999999998	1	1	1	1	0.326506666666667	0.51505	0.66335	1	0.36073	0.00148333333333328	1	0.0532866666666667	1	1	0.662496666666667	0.55398	1	0.0960433333333334	0.598	0.0629433333333334	0.385813333333333	1	0.215456666666667	0.36073	0.485133333333333	0.53795	0.32302	0.45699	0.05502	0.49412	1	0.04616	1	0.197366666666667	0.478493333333333	0.60579	0.6389	1	0.336983333333333	0.0445866666666667	0.56607	0.665383333333333	0.63496	0.564173333333333	1	0.367493333333333	0.170243333333333	1	0.550933333333333	0.341643333333333	0.575836666666667	1	0.16753	0	0.150303333333333	1	0.629903333333333	0.248433333333333	0.08958	0.126976666666667	1	0.212483333333333	0.63256
CD4+ Tcm	0.00913666666666668	0.23097	1	0.0111233333333334	1	0.488586666666667	1	0.593683333333333	0.0317566666666667	0.0970033333333333	0.508266666666667	0.20203	0.00249333333333335	0.00704000000000005	0.186166666666667	0.0402933333333333	0.11645	0.01559	0	0.0943966666666667	0	0.11524	0.000133333333333319	1	1	0.00412333333333337	1	0.0573333333333333	1	1	1	0.0883666666666667	0.0566266666666667	0.02512	0.632786666666667	0.0119333333333334	1	1	0.64657	4.66666666666393e-05	0.325006666666667	1	0.656393333333333	0.00344333333333335	0.00505	0.000266666666666637	1.66666666666648e-05	0.0405966666666666	0	1	1	1	0.0253100000000001	0	0.357046666666667	0.0850533333333333	0.188503333333333	0	0.06992	0.136986666666667	0.000423333333333331	1	0.15314	0.951306666666667	0.00605999999999995	0.36377	0.175933333333333	1	0.00105999999999995	0.00249333333333335	0.210153333333333	0.0240899999999999	0.0045033333333333	0.0196766666666667	0.11048	0.00197999999999998	1	0.0122966666666666	1	0	0.107073333333333	0.51868	1	0.00164666666666669	0.0602466666666667	0.35487	0.14401	0.0566266666666667	0.0487933333333334	1	0	0.00466333333333335	0.0157366666666666	0.0686366666666667	0	1	0.0104266666666667	1	0.75252	1	0.14936	0.105426666666667	0	0.000126666666666719	0.20479	0.000720000000000054	1	0.375143333333333	1	0.260496666666667	0.08646	1	0	0.23097	0.0268866666666666	0.0981533333333333	0.00146000000000002	0.000266666666666637	0.10765	0.226713333333333	0.0449233333333333	1	0.44959	0.4412	0.70346	0.000136666666666674	0.03284	0.0193433333333334	0.144913333333333	0.1348	0.133226666666667	0.00390333333333337	0	0	0.0798	1	0	0.0912933333333333	0.00559666666666669	0.0439566666666666	0.0204299999999999	0.122213333333333	0.145713333333333	0.473373333333333	0.01206	0.118376666666667	1	0.34394	1
CD4+ Tem	0.235086666666667	0.550703333333333	0.550703333333333	0.888036666666667	1	0.777746666666667	1	0.869396666666667	0.409143333333333	0.410813333333333	0.758936666666667	0.74538	0.476443333333333	0.14913	1	0.0611733333333333	0.29856	0.00497666666666663	0.588196666666667	0.41501	0.6466	0.5657	1	0.61059	1	1	0.12296	0.56681	0.371343333333333	1	0.30467	0.0256	1	1	1	1	0.591326666666667	1	0.44499	0.3998	1	0.426053333333333	0.365476666666667	0	0.498683333333333	0.571873333333333	0.59648	0.0962133333333334	0.398133333333333	0.664293333333333	1	1	0.0488966666666667	0.355593333333333	1	1	0.77374	0.681363333333333	0.866066666666667	0	0.15771	0.375466666666667	0.556873333333333	0.41327	1	0.456413333333333	0.83588	1	0.0342333333333333	1	0.100353333333333	1	0.49392	0.528683333333333	0.580066666666667	1	1	1	1	0.791546666666667	0.42514	1	0.657753333333333	0.367943333333333	0.61716	0.752033333333333	0	1	0.622903333333333	0.419073333333333	1	0.0972266666666667	1	0.170896666666667	0.24928	0.00924000000000003	0.269906666666667	1	0.18549	1	0.471656666666667	0.563656666666667	1	0.317976666666667	0.278383333333333	1	0.55282	0.3998	1	0.10864	0.67337	0.26543	1	1	1	0.905406666666667	0.450243333333333	0.1252	0.36882	0.275233333333333	0.6934	0.503383333333333	0.777746666666667	1	0.682786666666667	0.208563333333333	0.643036666666667	0.787583333333333	0.352353333333333	1	1	0.820613333333333	0.53824	0.142433333333333	0.63116	1	0.50995	0.434626666666667	0.316413333333333	0.224963333333333	0.619383333333333	0.60838	1	0.6934	0.771886666666667	0.167466666666667	1	0.56275	1
CD4+ memory T-cells	0.0172566666666667	0.138173333333333	0.795673333333333	0.32089	0.08754	0.279476666666667	0.16972	0.178973333333333	0.850863333333333	0.868033333333333	0.61848	0.104056666666667	0.17741	0.210003333333333	0.0648366666666667	0.0156733333333333	0.242783333333333	0.03971	0.413253333333333	0.104723333333333	0.245383333333333	0	0.538473333333333	0.04347	0.000463333333333371	0.267303333333333	0.265883333333333	0.08124	0.0486766666666667	0.179636666666667	0.11486	0.131543333333333	0.447546666666667	0.710746666666667	0.03883	0.159883333333333	0.45178	0.0238033333333333	0.120686666666667	0.266366666666667	0.455986666666667	0.23791	0.324076666666667	1	0.21951	0.153723333333333	0.36677	0.486133333333333	0.425106666666667	0.1354	0.372803333333333	0.67168	1	0.1654	0.501633333333333	0.202973333333333	0.380353333333333	0.277103333333333	0.53359	0	0.43045	0.0183066666666667	0.687203333333333	0.594873333333333	0.412693333333333	0.326673333333333	0.8368	0.524806666666667	0.12597	0.488056666666667	0.551746666666667	0.687203333333333	0.28386	0.382513333333333	0.389646666666667	0.540323333333333	0.141196666666667	0.101516666666667	0.0634366666666667	0.160713333333333	0.10016	0.660273333333333	0.226516666666667	0.605553333333333	0.26538	0.0485533333333333	0.808056666666667	0.77395	0.41899	0.50524	0.0884866666666667	0.487446666666667	0.471946666666667	0.269143333333333	0.254666666666667	0.0268466666666667	0.263423333333333	0.05847	0.487446666666667	0.672183333333333	0.37618	0.15732	0.90206	0.346663333333333	0.202973333333333	0.0334100000000001	0.09376	0.68985	0.0747	0.299553333333333	0.0574166666666667	0.37447	0.589486666666667	0.245383333333333	0.0561133333333333	0.10792	0.504626666666667	0.14295	0.790753333333333	0.0571666666666667	0.204043333333333	0.211426666666667	0.30009	0.59906	0.0872466666666667	0.0591866666666667	0.496343333333333	0.300663333333333	0.393406666666667	0.266366666666667	0.511766666666667	0.198596666666667	0.254666666666667	1	0.597896666666667	0.787246666666667	0.590136666666667	0.48262	0.289756666666667	0.0195966666666667	0.06403	0.348386666666667	0.559896666666667	0.15265	0.0693866666666667	0.09202	0.78624	0.448103333333333	0.173196666666667
CD4+ naive T-cells	0.01924	0.914253333333333	1	0.441303333333333	0.605486666666667	1	0.457136666666667	1	0.75967	1	0.101953333333333	1	0.37131	1	0.457136666666667	0.0273333333333333	1	1	1	0.315226666666667	1	0	0.753753333333333	0.322776666666667	1	1	1	0.46135	0.0297033333333333	0.46135	0.0642233333333333	0	0.577756666666667	1	1	1	0.742023333333333	0.205513333333333	0.37014	0.704293333333333	0.26722	0.248056666666667	1	0.906266666666667	0.22853	1	0.6916	1	1	1	1	1	1	0.646283333333333	0.928426666666667	1	0.613893333333333	0.769863333333333	1	0	0.76171	0.856526666666667	0.58906	1	1	1	0.93427	1	1	1	1	1	0.333633333333333	1	0.524193333333333	1	0.54379	1	0.3347	0.75967	0.04028	0.813496666666667	0.730416666666667	1	1	0.0902666666666667	1	1	1	1	1	1	1	1	1	0	1	0.125183333333333	1	1	0.858733333333333	0.641173333333333	1	0.0174433333333334	1	0.610473333333333	0.555923333333333	1	0.555923333333333	0.0740499999999999	0.58117	1	0.35029	1	1	1	1	0.0428733333333333	1	1	0.624016666666667	1	0.674773333333333	1	0.603653333333333	0.480696666666667	0.84488	1	1	1	1	1	0.458546666666667	1	0.27785	0.26262	0.742023333333333	1	0.422826666666667	0	1	1	1	1	0.223336666666667	1	1	0.595493333333333	1
CD8+ T-cells	0	0.133973333333333	1	0.313493333333333	0.00863000000000003	0.712536666666667	1	0.385253333333333	0.77706	1	1	1	0.500173333333333	0.236196666666667	1	0.115733333333333	0.663826666666667	0.301653333333333	0.271533333333333	0.0338833333333334	0.11026	0	0.330283333333333	0.0152466666666666	0.203713333333333	0.413526666666667	0.712536666666667	0.0140066666666666	0.000709999999999988	0.24029	0.0320133333333333	0.0537133333333333	0.440846666666667	0.436316666666667	0.286336666666667	0.22182	1	0.75621	0.277176666666667	0.668886666666667	0.136196666666667	1	1	0.14445	1	0.354506666666667	0.44734	1	0.334093333333333	1	0.792076666666667	1	1	1	1	0.666363333333333	1	0.0135133333333334	1	0	0.44734	0.465043333333333	1	1	0.03116	0.85979	1	1	0.159066666666667	0.16642	0.386626666666667	0.85979	0.360966666666667	0.23141	0.09529	1	1	0.0755133333333333	0.583733333333333	0.424153333333333	0.198416666666667	1	1	0.94061	0.08672	0.0834233333333333	0.892153333333333	1	0.160723333333333	1	0.44395	0.251113333333333	0.721646666666667	0.43935	0.0765933333333333	0	1	0.619286666666667	0.322846666666667	1	0.400476666666667	0.02394	1	0.04293	0.27609	0	0.0399166666666667	1	0.419553333333333	0.864916666666667	0.0342966666666666	0.371633333333333	0.25999	1	0.94061	1	0.577323333333333	0.197576666666667	0.13025	0.218573333333333	0.18953	0.0377633333333334	0.537436666666667	0.149033333333333	0.57105	0.149836666666667	0.16309	0.298156666666667	0.503663333333333	0.289316666666667	1	0.03655	0.436316666666667	0.77363	0.730483333333333	1	0.25788	0.48309	0.198416666666667	0	0.436316666666667	0.577323333333333	0.607556666666667	0.147426666666667	0.367646666666667	0.00271333333333335	1	0.104243333333333	0.685013333333333
CD8+ Tcm	0	0	0.06751	0.01944	0.204796666666667	0.132366666666667	0.0538	0.01849	0.19563	0.21334	0.237503333333333	0.239896666666667	0.00547333333333333	0.0016733333333333	0.00151333333333337	0	0.0339966666666667	0.00378000000000001	0.13881	0	0.16298	0	0.152506666666667	0	0	0.0244799999999999	0.04086	0	0	0.02068	0	0.0108533333333334	0.259723333333333	0.136133333333333	0.01457	1	0.0775633333333333	0.179893333333333	0.151273333333333	0.200466666666667	0.0387733333333333	0.0297666666666667	0	0.0517366666666667	0.0473066666666667	0.0205533333333333	0.129376666666667	0.0470433333333333	0.0569466666666667	0.0881066666666667	0.0285866666666666	0.24651	0.27798	0.11319	0.287846666666667	0.0990533333333333	0.09419	0.0211366666666667	0.463786666666667	0	0.125953333333333	0	0.308733333333333	0.26674	0.0504466666666666	0.712706666666667	0.11367	0.137686666666667	0	1	0.0213433333333334	0.22718	0.01866	0.0645066666666667	0.155306666666667	0.103363333333333	0.0853233333333333	0.0154666666666666	0.000219999999999998	0.17924	0.000160000000000049	0.105873333333333	0.00738000000000005	0.111386666666667	0.00234666666666672	0	0.141903333333333	0.399406666666667	0.08957	0.14091	0.27893	0.01944	0.184926666666667	0.0569466666666667	0.276	0	0.0705166666666667	0.0322933333333333	0.09419	0.103363333333333	0.156513333333333	0.00800333333333336	0.16556	0.00774333333333332	0.0239233333333333	0	0	0.17732	0	0.0907066666666667	6.66666666671034e-06	0.173776666666667	0.17115	0.0687333333333333	0	0.0824833333333334	0.151896666666667	0.0025466666666667	0.0724900000000001	0	0.0205533333333333	0.0378633333333334	0.0387733333333333	0.182486666666667	0.00881666666666669	0	0.14301	0.290896666666667	0.0319466666666667	1	0.30578	0.0561733333333333	0.0690733333333333	0.158826666666667	0.136133333333333	0.701646666666667	0.429796666666667	0.0477833333333333	0	0	0.0603833333333333	0.157713333333333	0.20114	0.0127966666666667	0.0200733333333334	0	0.742433333333333	0.0713766666666666	0.0354533333333333
CD8+ Tem	0.04448	0.945056666666667	1	1	0.385256666666667	1	1	1	1	1	1	1	1	1	1	0.59317	1	1	1	0.527533333333333	1	0.160123333333333	1	0.75787	0.374013333333333	1	1	0.723616666666667	0.625483333333333	1	0.579713333333333	0.801193333333333	1	1	1	1	1	1	1	1	1	1	1	0.34576	1	1	0.976143333333333	1	1	1	1	1	1	1	1	1	1	0.995196666666667	1	0	1	1	1	1	0.969956666666667	1	1	1	0.52831	1	0.864723333333333	1	0.926876666666667	0.98418	1	1	1	1	1	1	0.915503333333333	1	1	1	1	1	0.841763333333333	1	1	1	1	0.962716666666667	1	1	1	0.231773333333333	1	1	1	1	1	0.829856666666667	0.935836666666667	0.60183	1	0.190176666666667	1	1	1	0.79916	0.623633333333333	1	0.810806666666667	1	1	1	1	0.544023333333333	0.82539	1	1	1	1	1	1	0.6617	1	1	1	1	1	1	1	0.47085	1	1	0.695436666666667	1	1	0.119113333333333	1	1	1	1	1	0.345193333333333	1	0.559363333333333	1
CD8+ naive T-cells	0	0.159503333333333	0.0644033333333334	0.0302166666666667	0	0	0.279656666666667	0	0	0	0	0.00743666666666665	0.0210566666666666	0	0.466906666666667	1	6.66666666671034e-06	0	0	0.16092	0	0.0873266666666667	0	0.00839333333333336	0.0989666666666666	0	0.0368366666666666	0.00812000000000002	1	1	0.22821	0	0	0.00951000000000002	0.586943333333333	0	0	0.000493333333333346	0	0	0	1	0.0178133333333333	0	7.00000000000145e-05	0	0	0	0	0	4.000000000004e-05	0	0	0	0	0	0	0	0	0	0	0.211663333333333	0	0	0	0	0.00801333333333332	0.185106666666667	0.0116033333333333	0	0	0	0.000410000000000021	0	0	0	0	0	1	0	0.0306233333333333	1	0.274996666666667	0.0251233333333334	0	0.24361	0	0	0	0	0	0	0	0	0	0.000850000000000017	0.00469666666666668	1	0.00827	0.224523333333333	0	6.66666666671034e-06	0	0	0	0	0.374473333333333	0	1	0	0.257793333333333	0	0	0.24965	0.54854	0	0	0.03237	0	0	0	0	0	0	1	0	0	3.33333333335517e-06	0	0	0	0	0	0	0.00339	0	0	0.0201233333333334	0.0666866666666667	1	0	0	0	0	1	0.00764333333333334	0	0.118483333333333	0
CLP	0.0382933333333333	0.195423333333333	0.128016666666667	0.22861	0	0	0.0183266666666667	0	0	0	0.26875	0.00921000000000005	0.0437666666666666	0.0233266666666667	0.0047666666666667	0.291546666666667	0	0.00636999999999999	8.66666666666793e-05	0.25013	0	0.8619	0.150753333333333	0	0	0	0.331266666666667	0.05275	0.000896666666666657	1	0.0701933333333333	0.0321766666666666	0.01797	1	0.0725766666666666	0	0.0233266666666667	0.15454	0	0.0686600000000001	0	0.96069	0.1886	0	0.12599	0	0.0739866666666666	0	0	0	0.000173333333333359	0.00238333333333329	0.377266666666667	0.710446666666667	0.286433333333333	0	0	0.97591	0.0443366666666667	0	0.0437666666666666	0.000659999999999994	0	0	0.172453333333333	0	0.343633333333333	0.22861	0	0.26717	0	0.00690000000000002	0	0.0409866666666666	1	0.05669	0	0	0.128016666666667	0	0.08602	0.21983	0.00402000000000002	0.16971	0	0.0133433333333334	0	0	0.0947166666666667	0	0	0.0398866666666666	0.00126999999999999	0	0.0546433333333334	0	0.0771066666666667	0	0	0.0461133333333333	0	0.684966666666667	8.66666666666793e-05	0.0771066666666667	0	0	0	0.0112	0.00132333333333334	0.09977	0	0	0.35599	0.0145333333333333	0.07795	0	0.35599	0.320446666666667	0	0.212206666666667	0.12496	0	0	0	0.251746666666667	0.180456666666667	9.9999999999989e-05	0.615633333333333	0	0	0	0.146126666666667	0.480736666666667	0.261003333333333	0.132403333333333	0.132403333333333	0	0.528333333333333	1	0.146126666666667	0	0	0	0	1	0	0.0818366666666667	0.424583333333333	0
CMP	0.12335	0.0510699999999999	0.954346666666667	0.335896666666667	1	0.63873	0.16646	1	0.734563333333333	0.102066666666667	0.144376666666667	0.00796333333333332	0.113146666666667	0.0819433333333334	0.356793333333333	0.12991	1	0.0229966666666667	0.52645	1	0.902286666666667	1	0.349376666666667	0.202823333333333	0.14151	0.0737633333333333	0.15695	0.0490866666666666	1	0.0593133333333333	1	1	1	0.08424	0.289723333333333	0.26761	0.612133333333333	0.331643333333333	0.31158	0.183126666666667	1	0.0428866666666666	0.131096666666667	1	0.0853266666666667	0.753056666666667	0.244623333333333	0.6922	1	0.419223333333333	1	1	1	0.10843	0.0434466666666666	0.324566666666667	0.15695	0.116573333333333	0.466293333333333	1	0.00505666666666671	0.334486666666667	0.15328	1	0.31815	0.805373333333333	1	0.454026666666667	0.03861	0.16028	0.929576666666667	1	0.264456666666667	0.06029	0.10182	0.38726	1	0.374206666666667	0.437826666666667	0.153976666666667	0.551036666666667	0.161546666666667	0.226643333333333	0.252203333333333	0.430346666666667	0.325866666666667	0.862806666666667	1	0.162413333333333	0.0601533333333333	0.19142	0.33883	0.54126	0.170196666666667	0.245443333333333	1	0.304976666666667	0.182046666666667	1	0.18682	0.09658	0.536236666666667	0.97625	1	0.0856833333333333	0.106653333333333	0.768263333333333	0.55864	0.216343333333333	0.172586666666667	0.11887	0.663263333333333	1	0.256066666666667	0.250126666666667	0.0532733333333333	1	0.15099	1	0.0447233333333333	0.226643333333333	1	1	0.470373333333333	0.143733333333333	0.0992433333333334	0.105003333333333	0.258126666666667	0.38055	0.14055	0.0424933333333334	0.120616666666667	0.0435966666666666	1	0.157453333333333	0.14586	1	0.500846666666667	0.0790266666666667	1	0.221783333333333	0.466293333333333	0.0620166666666667	1	0.110776666666667	0.304976666666667	1	0.15439	0.21337
Chondrocytes	0.00121666666666664	0.00654333333333335	0	0	0	0	0	0	0	1	0	0	0.00407999999999997	1	0	0	0	0.0638	0	0	0	0	0	0	1	0	0	0	0	0	0	0	0	0	0	1	0	0	0	0	0	0	0	0.03371	0	0	0	0	0	0	0	0	0	0	0	0	0	0	0	0	0.03546	0	0	0	0.05487	0	0	0	0	0	0	0	0	1	0	0.00512999999999997	0	0	0	0	0	0	0	0	0	0	0	0	0	0	0.06146	0	0	1	0	0	0	0	0	0	0	0	1	0	0	1	0	0	0	0	0	0	0	0	0	1	0	0	0	0	0	0	0	0	0	0.0192066666666667	0	0	0.000800000000000023	1	1	0	0	0.0229	0	0	0	0	0	0	1	0	6.66666666671034e-06	0	0	0	0	0	0
Class-switched memory B-cells	0.114986666666667	0	0.110606666666667	0	0	1	1	0	1	1	1	0	0.582606666666667	0.07675	0	0	0.40097	0	0.40097	0	0.505363333333333	0	0	0.25768	0.0456800000000001	0.03244	1	0.339326666666667	0	0.00285333333333337	0.00212999999999997	0.000813333333333333	0.446783333333333	0.179973333333333	1	1	1	0	1	0	0.146923333333333	0	0.220826666666667	0.00724000000000002	0.389046666666667	0.00102999999999998	0	0	0	1	0.8205	0.000813333333333333	1	0.0172866666666667	1	0	1	0	0.570616666666667	0	1	0.01434	0.8205	0.67111	0.00742666666666669	1	1	0	1	0.51232	0.295463333333333	0.00187999999999999	0.000323333333333342	1	1	0.0126766666666667	0	0	0	0.174463333333333	0.00742666666666669	0.00503333333333333	0.55167	0	0.213343333333333	0	0.558783333333333	0.56345	0	0.01211	0	0.164853333333333	0	0.41536	0	0	0.00416666666666665	0.503173333333333	0	0.0191933333333333	0.507723333333333	0	1	0	0	0.01623	0.0590366666666666	1	0.331743333333333	0	0	0.00973666666666662	1	0.587336666666667	0	0.00664666666666669	0.100963333333333	0	0.642563333333333	1	0.0318866666666666	0.297143333333333	0	0.0529866666666666	0	0	1	0.0227866666666666	1	1	0.00177000000000005	0	0	0.453166666666667	0.0552433333333333	0.0330466666666667	1	0.157156666666667	0	0	0.624723333333333	0	0.23651	0	0	0	1	0	0
DC	0	0.0565433333333333	0	0	0	0	0	0	0	0.0136733333333333	0	0	0	1	0	0	0	0	0	0	0.0882933333333333	0	0	0	0	0	0	0	0	0	0	0	0	0	0	0.28786	0	0	0	0	0	0	0.0139833333333333	0	0	0	0.00433666666666666	0	0.168123333333333	0	0	0	0.0222933333333334	0	0.06313	2.66666666666193e-05	0.0341866666666667	0	0	0	0.0758766666666667	0	0	0	0.000193333333333379	0	0	0	0	0	0	0.04389	0	1	0	0.00217000000000001	0	0	0	0	0	0	0	0	0.00124999999999997	0	0	0	0	0	1	0	0.54865	0	0	0	0.06398	0	0.000586666666666624	0	0	0	0.00974333333333333	0	0	0	0	0	0	0	0	0	0.0388166666666667	0.00124999999999997	0	0.330056666666667	0	0	0	0	0	0	0	0	0	0	0	0.0017166666666667	0.16971	0.47851	0.0182466666666666	0.000149999999999983	0	0	0	0.06045	0	0.00217000000000001	0	0	0.0139833333333333	0	0	0	0	0	0	0	0
Endothelial cells	0	0	0	0	0	0	0	0	0	0	0	0	0	0.0590933333333333	0	0	0	0	0	0	0	0	0	0	0	7.33333333333697e-05	0	0	0	0	0	0	0	0	0	0	0	0	0	0	0	0	0	0	0	0	0	0	0	0	0	0	0	0	0	1	0	0	0	0	0	0	0	0	0	0	0	0	0	0	0	0	0	0	0	0	0.150473333333333	0	0	0	0	0	0	0	0	0	0	0	0	0	1	0	0.00846999999999998	0	1	0	0	0	0	0	0	0	0	0	0	0	0	0	0	0	0	0	0	0	1	0	0	0	0	0	0	0	0	0	0	1	0	0	0	0	0	0	0	0	0	0	0	0	0	0	0.10984	0	0	0	0	0	0	0	0
Eosinophils	0.6089	1	0.0915766666666666	0.102153333333333	0.59531	0.0394733333333334	0.402626666666667	0.0126500000000001	0.0260733333333333	0.431076666666667	0.02464	0.13315	0.0507233333333333	1	0.108696666666667	0.355273333333333	6.66666666671034e-06	1	0.413763333333333	0.03309	0	0.864256666666667	0.000156666666666694	0.214893333333333	1	0.245293333333333	0.14654	0.0377066666666667	0.1176	0.40601	0	0.0139666666666667	0	0.0401766666666666	0.0906033333333334	0.203126666666667	0.110373333333333	0.337973333333333	0.47131	0.413136666666667	0	0.16723	0	0.00521333333333329	0.197666666666667	0.185536666666667	0.322483333333333	0.03727	0.0106133333333334	1	0	0.02093	0.0961566666666667	0.12359	0.710216666666667	0.0512899999999999	0.234476666666667	0.0887933333333333	0.05084	0.386046666666667	0.440343333333333	1	0.02739	0.08294	0.68566	0.0463	0	0	0.16753	0.02416	0.00743666666666665	0.01369	0.0502466666666667	0.874623333333333	0.402626666666667	0.08263	0.202323333333333	0.173963333333333	0.177703333333333	0.468246666666667	0.0360566666666666	0.161863333333333	0.460613333333333	0.0385166666666666	0.231166666666667	0.218766666666667	0	0.0051633333333333	0.372516666666667	0.06586	1	0.224936666666667	1	0.815706666666667	0.464476666666667	0.332586666666667	0.0189466666666667	1	0.000363333333333382	0.288443333333333	0	0.0475233333333334	0.369413333333333	0	0.9279	1	0.2091	0.0769533333333333	0.20193	0.07582	0.197973333333333	0.11667	0.0239166666666667	1	0.181366666666667	1	0.0190466666666667	0.104973333333333	0.0490699999999999	0.207246666666667	0.04814	0.26445	0.116446666666667	0.35408	0.610956666666667	0.06342	0.00790999999999997	0.00212333333333337	0.740906666666667	1	0.594393333333333	0.31004	0.354643333333333	0.0318433333333333	0.0585833333333333	0.200086666666667	0.190526666666667	0.0292933333333333	0.0996833333333333	0.409203333333333	1	0.107163333333333	0.32956	0.282376666666667	0.192726666666667	1	0.0806766666666666	0.21455	0.55875
Epithelial cells	0	0	0	0	0	0	0	0	0	0	0	9.99999999995449e-06	0	0	0	0	0	0	0	0	0	1	0	0	0	0	0	0	0	0	0	0	0	0	0	0	0	1	0	0.0381333333333334	0	0	0	0	0	0	0	0	0	0	0	0	0	0	0	0	0	0	0.0206933333333333	0	0	0	0	0	0	0	0	0	0	0	0	0	0	0	0	0	0	0	0	0.0745233333333334	0	0	0	0	0	0	0	0	0	0	0	0	0	0	0	0	0	0	0	0	0	0	0	0	0	0	0	0	0	0	0	0	0	0	0	0	0	0	0	0.000496666666666701	0	0	0	0	0	0	0	0	0	0	0	0	0	0	0	0	0	0	0	0	0	0	0	0	0	0	0	0	0
Erythrocytes	1	1	0.753153333333333	1	0.142906666666667	1	0.0362333333333333	1	1	1	1	0.00603333333333333	1	1	1	1	1	0.926886666666667	0.12521	0.21929	1	1	1	1	0	1	1	1	0.510126666666667	1	1	1	1	1	3.33333333333297e-05	0.00183333333333335	1	0.03808	1	1	0.537	1	1	1	1	1	1	1	1	0.0283566666666667	0.00809000000000004	1	1	1	1	0.0291933333333333	0.114866666666667	1	1	1	1	1	1	0.127036666666667	1	1	1	0.000216666666666643	1	1	1	1	1	1	1	1	0.000716666666666699	1	1	1	0.00235666666666667	1	1	1	1	1	1	0.21929	1	1	0.00596333333333332	1	0.0319366666666666	1	1	1	1	1	0.00235666666666667	0.0531366666666667	1	1	1	1	0.000909999999999966	2.66666666666193e-05	0.0340533333333334	1	1	1	0.0458333333333333	1	1	1	1	1	1	1	1	1	0.0608566666666667	0.23425	1	0.48429	1	1	1	1	1	0.0191766666666666	0.00188999999999995	1	1	1	1	0.06773	1	1	1	1	1	1	1	1	1	0.03667	1	1	0.321833333333333
Fibroblasts	0.0276333333333333	0	0.348956666666667	0.00861000000000001	0	0	0	0.0116233333333333	0	0.0964366666666666	0	0.232066666666667	0	0.0763833333333334	0	0	0	0.395353333333333	0	1	0	0.214103333333333	0	0	1	0	0.0740933333333333	0	1	1	0	0	0	0	1	0.144796666666667	0	0	0	0	1	0	0	1	0	1	0	0	0.0369333333333334	0.0067166666666667	0.0718233333333334	0	0.00553666666666663	0	0.0322133333333333	0	0.0557733333333333	1	0	0.32412	1	0	0	0	0.102976666666667	0	0	0.000306666666666677	0	0	0	0	0	0.00185666666666662	0	0.000390000000000001	0.01719	0.0777466666666666	0	0	1	0	0	0	0	0	0	0	0.0337566666666667	0	0	0	0.16915	1	0.19729	0	0	0	0.000456666666666661	0	0	0.13689	0.0132966666666666	0	0	1	0	0	0	0	0	0	0	0	0	0.0281933333333333	0.00978999999999997	0.00363000000000002	0.470923333333333	0	0	0.219866666666667	0	1	0	0	0	0	0	1	0.21909	0	0	0.40145	0.0109566666666666	0	0	0.20119	0.0546	0	0.00447333333333333	0	0	9.66666666666338e-05	0	1	0	0	0
GMP	0.763136666666667	0.70073	1	0.56031	1	0.81251	0.548163333333333	1	1	0.808653333333333	0.81381	0.60374	0.643666666666667	1	0.738963333333333	0.404953333333333	1	0.85803	1	0.7176	1	0.55481	0.855176666666667	0.24254	0.86528	1	0.594213333333333	0.456823333333333	0.45941	0.505906666666667	0.96437	1	1	0.720693333333333	0.561206666666667	1	1	0.299573333333333	0.469323333333333	0.80499	1	0.43769	1	1	0.688153333333333	1	1	0.895093333333333	1	1	1	1	1	1	0.270516666666667	1	1	1	1	1	0.67473	0.30809	0.51743	1	1	0.58758	1	0.57592	0.203176666666667	0.246193333333333	1	1	1	0.796313333333333	0.420266666666667	1	1	1	0.431736666666667	0.81381	0.607496666666667	1	0.536526666666667	0.5932	1	0.70073	1	1	0.722863333333333	0.357356666666667	1	1	1	0.421023333333333	1	1	1	0.456823333333333	1	1	0.452786666666667	0.741043333333333	1	0.505043333333333	1	0.630423333333333	0.63411	1	0.549133333333333	0.403296666666667	0.783983333333333	0.525566666666667	1	1	0.811156666666667	1	1	0.533833333333333	1	1	1	1	1	1	0.739983333333333	1	0.222493333333333	0.882196666666667	1	1	0.572136666666667	1	0.55566	1	0.326136666666667	1	1	1	0.811156666666667	1	1	1	0.676773333333333	0.845333333333333	0.690083333333333	1	1	0.465093333333333	1
HSC	0.127176666666667	1	0.000343333333333362	0.00805333333333336	0	0.0819533333333333	0	0.00812000000000002	0	0.561473333333333	0	0.0812033333333333	1	1	0	0	0.0199166666666667	0.794023333333333	0.0984066666666666	0.0455133333333333	1	0	0	0.00653666666666664	1	0.28324	0.0865566666666666	0	0.137333333333333	0.00400999999999996	0.0103266666666667	0	0	0.00969666666666669	0.02534	0.649613333333333	0.0140966666666666	0	0	0.0265566666666667	0	0.0313433333333333	0.00805333333333336	0.794023333333333	0	0.09163	0	0.10852	0.12282	0.0190366666666667	0.5288	0	0.0861366666666666	0.11109	0	0.262126666666667	0.354086666666667	0.00929333333333338	0	1	0.786853333333333	4.66666666666393e-05	0	0.07465	0.700023333333333	0	0	6.66666666666593e-05	0	0	0.0988	0.00944666666666671	0	0.402863333333333	0	0.171426666666667	0.0543766666666666	0.00782666666666665	0	0	0.02534	0.56817	0	0.0328633333333334	0.16015	0.04305	0	0	0.135706666666667	0	0.118603333333333	0.00838000000000005	0.134503333333333	1	0.0977833333333333	0	0.0648366666666667	0	0.18663	0.07283	0	0.0762033333333333	0.62747	0	0.140946666666667	1	0	0	0	0	0.05014	0	0	1	0.39259	0.620323333333333	0.19705	0.0331133333333333	0.164606666666667	0	0.11489	0.336243333333333	0.00126333333333328	0.145043333333333	0.0264633333333333	0.205406666666667	0	0.0160766666666666	0.151193333333333	1	0.701736666666667	0.15598	0	0.199066666666667	0	0	0.12995	1	0.0548166666666666	0.0265566666666667	1	0.01326	0.0334	0	0.21155	0.26492	0	0	0.0159866666666667
Hepatocytes	1	0	0	0	0.06965	0	0	0	0	0	0	1	0	0	0	0.436606666666667	0	1	0	0.331183333333333	0	1	0	0.848283333333333	0.0534733333333334	1	0	0.460513333333333	0	0.73791	1	0	0.000166666666666648	0.0245833333333333	0.960553333333333	0.585256666666667	0	1	0	0.000589999999999979	0.186393333333333	0	0	0	0	0.06965	0	0	0	0	0.000256666666666683	0	0	0	0	0.02154	0	1	9.99999999995449e-06	0.668553333333333	0	0	0	0	0	0	0	1	0	0.104386666666667	0	0	0	0	0	0	1	0.989933333333333	0	0	0	0	0	0	0	0	0	0.109243333333333	0.986163333333333	0	0	0.1582	0	0	0.0439566666666666	0	0	0	0.269593333333333	0	0.196133333333333	1	0	0.431823333333333	0	1	0	0	0	0	1	0.412863333333333	0	0	0.0910566666666667	0.254063333333333	0.00494000000000006	0	0.00102999999999998	0.00699666666666665	0.918913333333333	0	0	0.569973333333333	0	0.51974	0.00180000000000002	0.00250666666666666	0	1	0.00814666666666664	1	0	0	0	1	0	0.250036666666667	0.0206333333333333	0	0	0	0	0.289806666666667	0	0	0.326923333333333	0.884386666666667	0
Keratinocytes	0	0	0	0	0	0	0	0	0	0	0	0.000496666666666701	0	0	0	0	0	0	0	0	0	1	0	0	0	0	0	0	0	0	0	0	0	0	0	0	0	1	0	0	0	0	0	0	0	0	0	0	0	0	0	0	0	0	0	0	0	0	0	0	0	0	0	0	0	0	0	0	0	0	0	0	0	0	0	0	0	0	0	0	0	0	0	0	0	0	0	0	0	0	0	0	0	0	0	0	0	0	0	0	0	0	0	0	0	0	0	0	0	0	0	0	0	0	0	0	0	0	0	0	0	0	0	0	0	0	0	0	0	0	0	0	0	0	0	0.04258	0	0	0	0	0	0	0	0	0	0	0	0	0
MEP	1	0.33362	0.0396333333333333	1	0.00309999999999999	0.486783333333333	1	0.1044	1	0.04994	1	0.20721	0.486783333333333	0.15156	1	1	0.165833333333333	0.17468	0.126933333333333	0.171536666666667	0.000356666666666672	1	0.0434966666666666	1	0.0495233333333334	0.0935966666666667	0.297953333333333	0.164296666666667	0.122506666666667	0.249946666666667	1	1	1	1	0.126933333333333	0	1	0.0867966666666666	1	1	0.0158333333333334	1	1	0.00120666666666669	1	0	1	0.07689	0	0.07262	0.33362	0.186956666666667	0.0432266666666666	1	1	1	0.184166666666667	0.184696666666667	0.12467	1	0.103763333333333	1	0.203373333333333	0.228126666666667	0.0110033333333334	0	1	0.253863333333333	0.0444133333333333	0.403483333333333	0.01054	0.237826666666667	1	0.0831033333333333	1	1	0.01969	0	1	0.277543333333333	0.22127	1	1	1	0	1	0.0697233333333334	0.14983	0.04887	0.20027	0.0652866666666667	0.184696666666667	0	0	0.0154	1	0.0985066666666666	1	0.0190366666666667	1	0.0821566666666667	0.0473633333333333	0	1	0.0588833333333333	0.07343	0.764783333333333	1	1	1	1	0.0612633333333333	1	1	1	0.11591	0.0521033333333333	1	0	0.101493333333333	0.18755	0	0.0645566666666667	0	1	1	1	1	0.0095466666666667	0	0.0702766666666667	0.14145	1	0.0340266666666666	1	1	0.163123333333333	1	0.764783333333333	1	0.0461633333333333	0.0934	0.4273	0.0216533333333333	1	0.03077	1	1	0.611306666666667
MPP	0.124273333333333	0.47108	0.971026666666667	0.771656666666667	1	0.681303333333333	1	0.566416666666667	0.665556666666667	0.451363333333333	0.988566666666667	0.60657	0.532406666666667	0.48859	0.738736666666667	0.0201033333333334	0.535833333333333	0.343623333333333	0.94957	0.294176666666667	0.735463333333333	0	0.375353333333333	0.48859	0.165043333333333	0.74354	0.70695	0.644336666666667	0.0121166666666667	1	0.220056666666667	0.101043333333333	1	1	1	0.754923333333333	1	1	0.789053333333333	0.40412	0.93012	0.151353333333333	0.976336666666667	0	0.86717	0.757446666666667	0.946436666666667	0.233203333333333	0.642783333333333	1	1	1	1	1	1	1	0.914043333333333	1	0.585316666666667	0	0.664796666666667	0.346713333333333	1	0.384236666666667	0.896633333333333	0.285793333333333	0.9373	0.62393	0.18873	1	0.324603333333333	1	1	0.506303333333333	1	0.914906666666667	0.0531466666666667	0.337293333333333	0.738736666666667	0.669536666666667	0.21292	0.935743333333333	0.89331	0.596896666666667	0.748573333333333	0.26459	0.200236666666667	1	0.740353333333333	0.725613333333333	1	0.394906666666667	1	0.146436666666667	0.711613333333333	0.00151333333333337	1	0.866296666666667	0.933363333333333	1	0.768216666666667	0.262213333333333	0.285793333333333	0.209366666666667	1	0.153903333333333	0.902473333333333	0.998926666666667	1	0.09899	0.11635	0.3142	1	0.919613333333333	1	0.728946666666667	0.470396666666667	0.05255	0.235443333333333	1	0.59184	0.363343333333333	0.415603333333333	0.381133333333333	0.83001	0.13614	0.81755	0.996523333333333	0.432373333333333	0.918726666666667	0.196223333333333	0.697373333333333	0.48013	0.0908666666666667	0.638883333333333	1	0.52804	1	0.886036666666667	0.07848	0.7093	1	0.438426666666667	0.768216666666667	0.458956666666667	0.08967	1	0.789053333333333	0.57657
MSC	0.15877	0	0	0.323023333333333	0	0	0	0	0	0	0.0159666666666667	0	0	0	0.389233333333333	0	0.0843966666666667	0	0	0.203366666666667	0	1	0.08683	0.0193866666666667	0.295266666666667	0	0	0.12329	0	0.0439833333333334	0.00212333333333337	0	0.246713333333333	0.0350733333333333	0	0.155373333333333	0.00212333333333337	0.0186666666666667	0.0777066666666667	0	0	0	0	0	0	0	0	0	0	0	0.0019433333333333	0	0	0	0	0.05335	0	0.0526266666666667	0	0.0147033333333333	0	0.242513333333333	0	0	0	0	0.0271966666666666	0.0348966666666667	0	0.9083	0	0	0.291116666666667	0	0	0.04617	0.207623333333333	0	1	0	0.000920000000000032	0	0.0227000000000001	0.00348000000000004	0	1	0	0	0	0.0619833333333333	0	0	0	0	0	0.32176	0.0253266666666667	0.41415	0	0	0	0	0	0.25212	0	0	0.272886666666667	0	1	0	0.0190833333333333	0	0.756323333333333	0	1	0	0	0	0	0.00212333333333337	0	0	0	0	0	0	0.125026666666667	0.194693333333333	0	0	0	0	0	0	0	0.0304633333333333	0	1.33333333333097e-05	0.103683333333333	0.469056666666667	0	0	0	0	0.329683333333333	0	0.00467666666666666	0.132723333333333	0.0260666666666667
Macrophages	0.700166666666667	0.0306466666666667	0.00383333333333336	0.04841	0.00104666666666664	0.0223866666666667	0.0313766666666667	0.06729	0.331023333333333	0.02977	0.0136733333333333	0.368256666666667	0.0454233333333334	0.0653533333333334	0.11842	0.122886666666667	0.0456166666666666	0.16208	0.22556	0.0756	0.357153333333333	0.0494366666666667	1	0.000299999999999967	0.0274433333333334	0.06016	0.00256666666666672	0.28061	0	0.158083333333333	0	0.0418466666666667	1	0.49436	0.0630500000000001	1	0.15186	0.428996666666667	0.0018866666666667	0.0279633333333333	0.357153333333333	0.00170000000000003	0.0353599999999999	0.000349999999999961	0.0448966666666667	0.101233333333333	0.83672	0.02861	1	0	0.06016	0.37388	0.101233333333333	1	0.07173	0.47853	0.0124466666666667	0.286196666666667	0	0.00602666666666662	0.0771633333333334	0.0172233333333334	0.0416933333333334	9.99999999995449e-06	0.390476666666667	0.00982666666666665	0.05984	0.144953333333333	0.00577000000000005	0.0630500000000001	0	0.0694066666666666	0.29767	0.0266133333333334	0.0129133333333333	0.33276	0.366343333333333	0.231846666666667	0.58261	0.237346666666667	0.00558999999999998	0.0984366666666666	0.0454233333333334	0.0234633333333333	0.0570833333333334	0.680013333333333	0.0430166666666667	0.0336	0.0330733333333333	0.0367733333333333	0.408503333333333	0.0233366666666667	0.02557	5.33333333333497e-05	0.98291	0.0121166666666667	1	0.00461333333333336	0.02977	0.0740666666666666	0.0133933333333334	0.17384	0.0663766666666666	0.0494366666666667	0.608463333333333	0.105146666666667	0.02726	0.0316233333333333	0.0384933333333334	0	0.0325866666666667	0.00411666666666666	1	0.0794766666666666	0.121533333333333	0.01387	0.0238866666666666	0.04133	0	0.0313766666666667	0.01971	0.0175333333333333	0.0396866666666666	0.0447466666666667	0.0578233333333333	0.0176233333333333	0.02889	1	2.000000000002e-05	0.00924666666666663	0.246846666666667	0.420486666666667	0.85355	0.12497	0.0530833333333334	0.33794	0.136966666666667	1	1	0.02063	0.00274333333333332	0.435313333333333	0.191736666666667	0.895816666666667	0.23293	0.000376666666666692	0.921186666666667	0.366343333333333	0.00383333333333336
Macrophages M1	0.85497	1	1	0.476073333333333	0.00375333333333339	0.839906666666667	0.0204166666666666	1	0.146003333333333	0.45452	0.0796966666666666	1	0.22084	1	1	0.311896666666667	1	1	0.54365	0.0247533333333333	1	0.000136666666666674	0.61576	0.00443333333333329	0.746666666666667	0.796033333333333	1	1	0	1	0	0.444006666666667	0.925086666666667	1	0.725903333333333	1	0.847403333333333	1	0.0766566666666667	0.185443333333333	0.197866666666667	0.342653333333333	1	0.11172	0.641083333333333	1	0.29139	0.38943	1	0.188473333333333	1	1	0.0315666666666666	1	0.311896666666667	1	0.967626666666667	0.941676666666667	0.07814	0.000136666666666674	1	0.503966666666667	0.252543333333333	0.04821	1	0.0465366666666667	0.0524833333333333	1	0.02688	0.409353333333333	0.0367266666666667	0.138563333333333	0.365716666666667	0.14093	0.256166666666667	0.679376666666667	0.0752233333333333	1	1	0.0506966666666666	0	0.699176666666667	0.59741	0.252543333333333	1	0.933436666666667	0.02446	0.591026666666667	1	0.83245	1	0.06445	0.42887	0.503966666666667	1	0.01481	0.43384	0.51528	1	0.893623333333333	0.10171	1	0.188473333333333	0.133743333333333	0.12684	0.39442	1	0.21428	0.672836666666667	0.00843000000000005	0.0125666666666666	0.0295766666666667	0.796033333333333	1	1	1	1	0.01951	0.0524833333333333	1	0.275293333333333	0.444006666666667	1	1	1	1	1	1	0.423946666666667	1	1	1	0.634856666666667	0.03576	0.0250333333333334	1	0.23447	1	1	0.00636000000000003	1	1	0.409353333333333	1	0.1565	0.00803333333333334	1	1	0.03884
Macrophages M2	0.0158733333333333	0	0	0.239826666666667	0	0	0.0563033333333334	0.00263000000000002	0.410993333333333	0	0	4.99999999999945e-05	4.99999999999945e-05	0	0	0.000909999999999966	0	0.00105333333333335	0.00651999999999997	0	0	0.00136999999999998	0.899543333333333	0	8.33333333333242e-05	0.00216333333333329	0	0.000390000000000001	0	0	0	0	0.55272	0	0	0.07678	0.00763333333333338	0.0694666666666667	0	0	0.00549999999999995	0	0	0	0	0	1	0	0.105353333333333	0	0	0.000473333333333326	0.00417999999999996	0.04156	0	0	0	0.00197666666666663	0	0.0136066666666667	0	0	0	0	0	0	0.29012	0	0	0.052	0	0.00742333333333334	0.01563	0.000129999999999963	0	0.0109933333333333	0.283933333333333	0.0139899999999999	0.155406666666667	0.02948	0	0	0	0	0	0.326936666666667	0	0	0	0	0.451726666666667	0	0	0	0.02138	0.00123666666666666	1	0	0	0	0	0.0261866666666667	0	0	0.311123333333333	0.0218666666666667	0	0.00115333333333334	0.00863666666666663	0	0.133146666666667	0	1	0	0.00673333333333337	0	0	0	0	0	0	0	0	0	0	0	0	1	0	0	0	0.00207333333333337	0.303473333333333	0	0.0109933333333333	0.273926666666667	0.06532	0.39878	0.0846833333333333	0	0	0.02882	0.0163266666666667	0.09644	0.0690366666666666	0	0.0419233333333333	0.03734	0.0343666666666667
Mast cells	0	0	0.0887233333333334	0.000186666666666668	0.0943233333333333	0.00475000000000003	5.33333333333497e-05	0	0.0358133333333334	0	0.00266666666666671	0	0	0	0	0	0.324286666666667	2.99999999999745e-05	0	0.0100866666666667	0.0193766666666667	0	5.33333333333497e-05	0	0	0	2.66666666666193e-05	0	0	0	0.0243100000000001	0.0343633333333333	0.0175533333333333	0	0	0	0.000870000000000037	0	6.66666666671034e-06	0	0.04579	0	0	1	0	0.00192333333333339	0.000539999999999985	0.0474633333333333	0.00599666666666665	0.00184333333333331	0	0.0483033333333334	0.620353333333333	0	0	0	0	0	0.00387999999999999	0.01537	0	0	0.000233333333333308	0.0211366666666667	0	0.0602833333333334	0.118643333333333	0.00497000000000003	0	0.0142533333333333	0.242803333333333	0.229146666666667	0.00258333333333338	0	0	0.000580000000000025	0.0259133333333333	0	0	0	0.00983999999999996	0	0	6.66666666671034e-06	0	0	1	1	0	0	0.00497000000000003	0.00824000000000003	0	0.000403333333333311	0	0.0259133333333333	0.09236	0	0.03953	0.0402400000000001	0	0	1	0.03647	0	0	0	0.0193766666666667	0	0.00202999999999998	0	0.0216033333333333	0.0449766666666667	0.000693333333333324	0	0	0.00164666666666669	0	0.129196666666667	0	0.0034966666666667	0.01578	0.00732999999999995	0.19159	0	0	0	0.0801500000000001	0	0	0	0	0	1	0	0.00824000000000003	0.0232166666666667	0	0	0	0	0.000619999999999954	0	0	0	0	0.34719	0	0.0818133333333333
Megakaryocytes	0.01289	0.0431533333333334	0.00613666666666668	0.0197166666666667	0.798963333333333	0.00785333333333338	0.04947	0.0161133333333333	0	0.0621066666666666	0	0.00139666666666671	0.0263766666666667	0.00102666666666662	0	0	0.0218466666666667	0.07662	0.132416666666667	0.03522	0.0423033333333334	0.0200233333333333	0.00590999999999997	0.0305266666666667	1	0.0336533333333333	0.000293333333333368	0	0.34789	0.00277000000000005	0.0104033333333333	0	0	0.00186666666666668	1	0.105393333333333	0	0.496916666666667	0	0	0.15504	0.00448666666666664	0.000340000000000007	0.232793333333333	0	0.122316666666667	0	0.0131433333333333	0.0779633333333334	0.0277733333333333	0.100973333333333	0	0.000140000000000029	0.0101133333333333	0	0.660586666666667	0.00259333333333334	0.0164966666666667	0	0.000519999999999965	0	0	0	0.0105133333333334	0.02107	0.219596666666667	0	0.0808333333333333	0.100413333333333	0	0.00523666666666667	0.000199999999999978	0.000519999999999965	0.00426000000000004	0	0.03522	0.356523333333333	0.03004	0.00285333333333337	0.00439000000000001	0.740036666666667	0	0	0	0.0223666666666666	0.202896666666667	0.00346333333333337	0.0556533333333333	0.00539000000000001	0	0.15212	0	0.0374100000000001	0.563593333333333	0.000136666666666674	0.0220166666666667	0.0206033333333333	0.00100333333333336	0.466466666666667	0.0311733333333334	0.00418666666666667	0.105393333333333	0	0	0.0570233333333333	1	0.00542666666666669	0	0.00785333333333338	0	0.09478	0.0491666666666667	0.00492000000000004	0	0.0176833333333334	2.66666666666193e-05	0	0.000303333333333322	0.15212	0.35498	0.00418666666666667	0.222713333333333	2.33333333333752e-05	0.0712733333333333	0	0.0101933333333334	0.03304	0	0.10379	0.0332166666666667	0.000990000000000046	0.0213866666666667	0	0.0535333333333333	0	0.00395000000000001	0.567253333333333	0.000763333333333338	0	0	0.0013266666666667	0	0.0531466666666667	0.00523666666666667	0.00727666666666671	0.135156666666667	0	0	0.108396666666667
Melanocytes	0.41543	0.678493333333333	0	0	0.12832	0.06632	0.499226666666667	0	0.07535	0.02493	1	0.632233333333333	0	0	0	0	0.00262666666666667	0.181526666666667	0	0	0	0.76357	0	0	0.12832	3.33333333333297e-05	0.0151166666666667	0.01822	0	0	0	0	0.59636	0	0	0.95296	0.154983333333333	1	0	0.758836666666667	0.00676333333333334	0.979056666666667	0	0	0.05718	0	0.162546666666667	0.102393333333333	0	0.00713333333333332	0	0.0109633333333333	0	0.00407999999999997	0.484326666666667	0.535063333333333	0	0	0.08202	0.979056666666667	0.216403333333333	0.514836666666667	0.0294466666666666	0.0139866666666667	0	1	0.322603333333333	0	0.000573333333333315	0.0837599999999999	0	0	0.70378	0.18452	0.45453	0.0649766666666667	0.11067	0.0327433333333333	0.0139866666666667	0.0379933333333333	0	0	0.234516666666667	0.209596666666667	0.0388833333333334	0.0379933333333333	0.0286766666666667	1	0	0.212963333333333	0.116943333333333	0	0	0.0636466666666666	0.0397566666666667	0.43508	0.00207333333333337	0.0139866666666667	0	0.000343333333333362	0.0352666666666667	0	0	0.112746666666667	0	1	0	0.08901	0.01245	0.917296666666667	0.0214033333333333	0.28902	0.280723333333333	0	0	0.116943333333333	0.00190666666666661	0.855533333333333	0	0.992756666666667	0	0	0.18452	0.881116666666667	0.322603333333333	0	0	0.00305	0.893636666666667	0.545303333333333	0	4.000000000004e-05	0.792116666666667	0.01822	0.130643333333333	0.0015466666666667	0.00280666666666662	0.01245	0	0.0525433333333334	0.0352666666666667	0.28496	0.637423333333333	0.391553333333333	0.00676333333333334	0	0.0271766666666666	0	1
Memory B-cells	0.0899933333333334	1	1	1	1	1	1	1	1	1	1	1	1	1	1	0	1	1	1	0.19969	1	0	0.16642	0.00832333333333335	1	1	0.83979	1	6.66666666671034e-06	1	1	3.66666666666848e-05	1	1	1	1	1	1	1	1	1	1	1	0.000113333333333299	1	1	1	0.373826666666667	1	1	1	1	1	1	1	1	1	1	1	0	1	0.159613333333333	1	1	1	1	1	1	1	1	1	1	1	1	1	1	0	1	1	0.08594	1	1	1	1	1	0.29104	1	1	1	1	1	1	1	1	1	0	1	1	1	1	1	1	1	0.60748	1	1	1	1	1	9.99999999995449e-06	6.66666666666593e-05	1	1	1	1	1	1	2.33333333333752e-05	1	1	1	0.747043333333333	1	1	1	1	1	1	1	1	1	1	1	1	1	1	1	1	1	0.000806666666666622	1	1	1	1	1	0.130183333333333	1	1	1
Mesangial cells	0	1	0	0	0	0	0	0.000433333333333286	0	0	0	0.0466566666666667	0	1	0	0	0	0	0	0	0	0	0	0	0	0.47823	0	0	0	0	0	0	0	0	0	0.40446	0	0	0	0	0	0.0364433333333334	0	0	0	0	0	0	0	5.66666666667048e-05	0.000330000000000052	0	0	0	0	0	0.24396	0	0	0	0.205503333333333	0	0	0	0.0519066666666667	0	0	0	0.000433333333333286	0	0	0	0	9.99999999995449e-06	2.66666666666193e-05	0	0	0.0407966666666667	0	0	0	0	0	0	4.33333333332842e-05	0	0	0	0.0307933333333333	0	0.000823333333333287	0	1	0	0.00303333333333333	0	0	0	0	0	0	0	0.737333333333333	0	1	0.117463333333333	0	0	0	0	0	0	0	0.564556666666667	0	1	0	0	0	1	0	0.000170000000000003	0	0	0.26373	0	0	0	0.12501	1	0	0.0129933333333333	0	0	0	0	0	0	0	0	1	0	0.141456666666667	0	0	1	0	0	0
Monocytes	1	1	0.261906666666667	1	1	1	0.31196	1	1	1	1	1	1	1	0.755016666666667	0.33549	1	1	1	1	1	0.282923333333333	1	1	1	1	1	1	0.212446666666667	1	1	1	1	1	1	1	1	0.237536666666667	0.0629133333333334	0.254	1	1	1	0.66581	0.16697	1	1	0.322006666666667	1	0.30161	1	1	1	1	1	1	1	1	1	0.48397	1	1	0.215503333333333	0.13733	1	1	1	1	0.199893333333333	1	0.201513333333333	1	1	1	1	1	1	1	0.47146	0.553126666666667	1	1	0.100616666666667	0.26914	1	0.646256666666667	0.16274	1	1	1	1	0.192926666666667	1	0	1	0.519436666666667	1	0.143446666666667	1	1	1	1	1	1	1	1	0.93661	1	0.530803333333333	0.104883333333333	0.583973333333333	0.250423333333333	1	1	1	1	1	0.36366	1	1	1	1	1	1	1	1	1	1	0.615556666666667	1	0.47646	1	1	1	0.217443333333333	1	1	1	1	0.135183333333333	1	1	1	1	0.24066	0.196126666666667	1	1	0.14769
Myocytes	0.206786666666667	0.391313333333333	0.34655	0.0730433333333333	1	1	1	0.515513333333333	0.227686666666667	1	0.206786666666667	0	1	0.407736666666667	0.000983333333333336	0.11692	1	0	1	1	1	1	1	0	1	0.272316666666667	1	0.08129	1	0.000983333333333336	1	1	0.04473	0	0.515513333333333	0.391313333333333	0.458183333333333	0	1	1	1	0.71044	0.266576666666667	1	1	1	0.15972	1	1	1	1	0.00534999999999997	1	1	0.12733	1	1	1	1	1	1	0	1	0	0.913326666666667	1	0.223353333333333	0.0976566666666666	1	0	1	1	1	0.0870066666666667	0	1	1	1	0.0089433333333333	0.149003333333333	1	0.467133333333333	0.21105	1	1	0.000326666666666697	1	1	1	0.20278	0.162343333333333	1	0.27774	1	0.0173433333333334	1	1	0	1	0	0.899603333333333	1	1	1	1	0.467133333333333	0	1	0.121016666666667	1	1	1	1	0.168203333333333	0.10257	0.129583333333333	1	1	1	0.1991	1	1	1	1	0	0.27774	0.0188199999999999	0	0	1	0.07728	0.00947666666666669	0	1	1	0	1	1	0.01669	1	1	0.107693333333333	1	0.11692	0	0.816396666666667	0.251243333333333	0.21498	1
NK cells	0.12443	0.464563333333333	1	1	1	1	1	0.630196666666667	1	1	1	1	1	0.35486	0.64144	0.597063333333333	1	0.489286666666667	1	1	1	0.33801	1	0.380173333333333	0.00724333333333338	1	1	0.84138	0.9393	0.59044	1	1	1	1	0.50029	1	1	0.40242	0.942333333333333	1	1	0.8752	1	1	1	1	1	1	1	0.783493333333333	0.955546666666667	1	1	1	0.611373333333333	0.792313333333333	0.693556666666667	0.41726	1	0.122226666666667	1	0.44383	1	1	1	1	1	1	1	1	1	1	1	0.49151	1	1	1	1	0.44577	1	1	1	0.49914	1	0.873013333333333	0.698256666666667	1	1	1	1	1	1	1	1	1	0.91937	1	0.35913	1	1	1	1	1	1	1	0.11191	0.34707	1	0.603486666666667	1	1	1	1	1	0.419153333333333	0.864203333333333	1	1	1	0.617966666666667	1	1	1	1	0.5302	0.723243333333333	1	1	0.764453333333333	1	1	0.593013333333333	1	1	1	1	1	1	1	1	0.343056666666667	1	1	1	1	0.215626666666667	1	0.4817	1
NKT	0.400276666666667	0.785483333333333	0.0260733333333333	0.0876866666666667	0.08718	0.0442733333333334	0.195446666666667	0.0697566666666667	0.0132933333333334	0.0633133333333333	0.0970299999999999	0.156756666666667	0.143603333333333	0.69182	0.309456666666667	0.629466666666667	0.0120166666666667	0.502773333333333	0.151263333333333	0.179416666666667	0.11421	0.23097	0	0.113646666666667	0.272486666666667	0.169266666666667	0.0545166666666667	0.399606666666667	0.0675233333333334	0.697016666666667	0.0354866666666667	0.00112333333333337	0.0697566666666667	0.0757166666666667	0.54346	0.00633666666666666	0.19514	0.83463	0.173163333333333	0.01919	0.147776666666667	0.134143333333333	0.27658	0	0.648393333333333	0.140716666666667	0.0365133333333333	0	0.02794	0.357626666666667	0.116326666666667	0.00250666666666666	0	0.313666666666667	0.29141	0.371886666666667	0.354516666666667	0.751236666666667	0.00813666666666668	0.0912166666666666	0.680663333333333	1	0.0114766666666667	0.000179999999999958	0.150833333333333	0.0184266666666667	0	0.00644	0.19969	0.00570333333333328	0.00735333333333332	0.02813	0.04882	0.295256666666667	0.173163333333333	0.112896666666667	0	0.140146666666667	0.913426666666667	0.0623466666666667	0.0687033333333333	0.140496666666667	0.66657	0.0241233333333334	0.10666	0.741066666666667	0	0	0.06728	0.00801666666666667	0.270803333333333	0.0358766666666667	0.0441466666666667	0.0441466666666667	0.110686666666667	0.09561	0.01242	0.856346666666667	0.0587533333333333	0.01154	0.0375133333333333	0.02905	0.000753333333333384	0.00131666666666663	0.05245	0.0996933333333333	0.752836666666667	0.0285466666666667	1	0.0675233333333334	0.0624766666666666	0	0.0252766666666666	0.485883333333333	0.535436666666667	0.6133	0.01439	0.08248	0	0.638713333333333	0.0214733333333333	0.000916666666666677	0.00270999999999999	0.0658933333333334	0.907683333333333	0.63455	0.0577766666666667	0.0252	0.346013333333333	0.0957466666666666	0.0643366666666667	0.647536666666667	0.18462	0	0.105406666666667	0.0803733333333333	0.0329533333333333	0.0717	0.200983333333333	0.197466666666667	1	0.11467	0.0434866666666667	0.0974366666666666	0.538633333333333	0.69182	0.00730333333333333	0.226256666666667	0.180163333333333
Neurons	0	0	0	0	0	0	0	0	0	0	0	0	0	0	0	0	0	0	0	0	0	0	0	0	1	0	0	0	0.166226666666667	0	0	0	0	0	0	0	0	0	0	0	0	0	0	0	0	0	0	0	0	0	0	0	0	0	0	0	0	0	0	0.00241666666666662	0	0	0	0	0	0	0	0	0	0	0	0	0	0	0	0	0	0	0	0	0	0	0	0	0	0	0	0	0	0	0	0	0	0	0	0	0	0	0	0	0	0	0	0	0	0.0027233333333333	0	0	0	0	0	0	0	0	0	0	0	0	0	0	0	0	0	0	0	0	0	0	0	0	0	0	0	0	0	0	0	0	0	0	0	0	0	0	0	0	0	0	0
Neutrophils	0.6775	0.766243333333333	0.69697	0.327073333333333	0.919756666666667	1	1	1	1	1	0.796713333333333	0.107123333333333	0.02869	1	0.0255133333333334	0.162366666666667	1	0.459496666666667	0.13018	0.0260533333333334	1	0.298373333333333	1	0.546583333333333	0.0027166666666667	0.944446666666667	0.267843333333333	0.666683333333333	0.28297	0.0093333333333333	1	1	0.525473333333333	0.28469	0.194526666666667	0.828343333333333	0.796713333333333	0.347663333333333	1	0.77241	0.08699	0.38645	0.708076666666667	1	0.131293333333333	1	0.796713333333333	1	1	1	1	1	1	1	0.000369999999999981	1	0.536956666666667	0.151186666666667	0.742886666666667	1	0.0328266666666667	0.305513333333333	0.172613333333333	1	0.472833333333333	1	1	0.06921	0.341886666666667	1	0.598713333333333	0.716396666666667	0.818726666666667	0.40877	0.19306	0.129073333333333	1	1	0.03978	0.0488133333333334	1	0.21622	0.303796666666667	0.54176	1	0.191586666666667	1	1	1	0.854976666666667	0.488506666666667	1	1	0.0706433333333333	1	1	0.72792	0.561136666666667	1	0.622113333333333	1	1	0.444446666666667	1	0.919756666666667	0.340053333333333	0.314296666666667	0.523143333333333	0.0421366666666667	1	1	1	1	0.0713333333333334	0.0163133333333333	0.21165	1	0.523143333333333	0.831646666666667	0.03115	1	1	0.95354	0.382506666666667	0.0488133333333334	0.523143333333333	0.661333333333333	0.834953333333333	1	0.06586	0.305513333333333	0.868516666666667	0.47932	1	0.246796666666667	0.66404	0.730786666666667	1	0.4006	0.0518166666666666	0	1	0.716396666666667	0.55388	0	0.716396666666667	1	0.277783333333333	1
Osteoblast	0	0	0	0.648583333333333	0.0466066666666667	0	0	0	1	0	0.0538533333333333	0	0.37304	0	1	0	0	0.00970333333333329	0	1	0	1	1	0.346736666666667	0	0	0	0.0035466666666667	0.130726666666667	0.414866666666667	1	1	0.21111	0.115843333333333	0.0500833333333334	0	0	0.01165	0	0	0	0	0	0	0	0	0	0.0397333333333333	0	0	0	0.48285	0	0.169583333333333	0.0100533333333334	0	0	0	0	0	0	0.104166666666667	0.549973333333333	0	0	0.01165	0	1	0	1	0	0.00753666666666664	1	0	0.262356666666667	0.189583333333333	0	0	1	0.00253000000000003	0.0138333333333334	0	0	1	0	1	0	0.442866666666667	0	0	0	0	0	0	0	1	0	1	0	0.0910433333333334	0.0432533333333334	0	0	1	0	0	1	0	1	1	0.00821000000000005	0.00736999999999999	1	0	1	0	0	0	0	0	0	0	0	0	0	0	1.66666666666648e-05	0	0	0	0	0	0	0	0.0258566666666666	0	0.399946666666667	0	0.55217	0.79999	0	0.184266666666667	0	0.0393	0.352763333333333	0	1	0.86441	0
Pericytes	0.0166533333333333	0	0	0	0	0	0	0	0	0	0	0	0.00753000000000004	0.00600000000000001	0	0	0	0	0	0	0	1	0	0	0.11166	0	0	0	0	0	0	0	0	0	0	0	0	0	0	0	0	0	0	0	0	0.0963566666666666	0	0	0	0	0	0	0	0	0	0	0	0	0	1	0	0	0	0	0	0	0	0	0	0	0	0	0	0	0	0	0	0	0	0	0	0	0	0	0	0	0	0	0	0	0	0	0	0	0.02113	0	0	0	0	0	0	0	0	0	0	0	0	0	0	0	0	0	0	0	1	0	0	0	0	0	0	0	0	0	0	0.14207	0	0	0	0	0	0	0	0	0	0	0	0	0.0107	0	0.05008	0	0	0	0	0.0520699999999999	0	0	0
Plasma cells	0.26257	0	0	0.95693	1	0	0	0.180146666666667	0.0999566666666667	0	0.0588833333333333	0	0	0	0.276453333333333	0.400386666666667	0	0	0	0.05698	0	1	0.00725666666666669	0	0	0	0	1	1	0.0878033333333333	0.235383333333333	1	1	0.000219999999999998	1	0	3.66666666666848e-05	1	0	0.468623333333333	1	0	0.00385000000000002	0	0.00413333333333332	0	0.04718	0	0	0	0.00676333333333334	1	0	0.25619	0	0.10366	0	1	0.00122666666666671	0.10366	0	0	0	0.000243333333333373	0	0.0334766666666667	1	1	0	1	0	0.00436333333333339	1	0	0.0200933333333333	0	0.00523333333333331	0.14638	1	0.0172600000000001	0.191763333333333	0	0	0.13654	0	1	0.0037733333333333	1	0	2.66666666666193e-05	0	0	0	0	1	1	0.10248	0.00845333333333331	0.522563333333333	7.9999999999969e-05	1	0.113533333333333	0	1	0	0	0	0	0.00810999999999995	0.114816666666667	1	0.17856	1	0	0.01531	0	0	0	0.0903833333333334	0	0	0	0.563736666666667	0	0	0.34306	0.34601	0	0	0	0	0.01198	2.66666666666193e-05	0	0.176886666666667	1	1	0	1	0.18503	0	0.00126666666666664	0	0	0	0	1	1	0.0321433333333333
Platelets	0.0737100000000001	0.0100166666666667	0.840083333333333	0.146336666666667	1	0.121906666666667	0.212543333333333	0.204203333333333	0.16365	0.137066666666667	0.118073333333333	0.05944	0.170766666666667	0.0249200000000001	0.0453466666666666	0.0382133333333333	0.195876666666667	0.0694366666666667	0.16436	0.16754	0.127766666666667	0.0631133333333334	0.550843333333333	0.144236666666667	0.0900133333333333	0.0357866666666666	0.0677433333333334	0.09094	0.989736666666667	0.0563366666666667	0.179136666666667	0.159796666666667	0.202266666666667	0.0832766666666667	1	0.174396666666667	0.0894366666666667	0.27724	0.04134	0.08797	0.44254	0.0371433333333333	0.134993333333333	0.543266666666667	0.11735	0.0479866666666666	0.11289	0.20194	0.164696666666667	0.308286666666667	0.215286666666667	0.264246666666667	1	0.24375	0.03669	0.0118766666666666	0.0397266666666667	0.11495	0.164696666666667	0.10451	0.0187466666666667	0.01689	0.163326666666667	0.16754	0.111856666666667	0.194696666666667	0.412756666666667	0.767733333333333	0.19818	0.120936666666667	0.34284	0.258263333333333	0.134596666666667	0.0699966666666667	0.129506666666667	0.21781	0.568826666666667	0.0112966666666666	0.0760033333333333	0.0963666666666667	0.239913333333333	0.0718966666666667	0.11665	0.124983333333333	0.0751566666666666	0.0610333333333334	0.390423333333333	0.633036666666667	0.0770866666666666	0.116323333333333	0.0785133333333333	0.0656099999999999	0.0642533333333334	0.401296666666667	0.100583333333333	0.0713966666666667	0.550843333333333	0.189386666666667	1	0.181486666666667	0.304973333333333	0.106486666666667	0.154263333333333	0.17695	0.141746666666667	0.0873366666666666	0.1096	0.20501	0.0656099999999999	0.189786666666667	0.101213333333333	0.492563333333333	0.161596666666667	0.0459033333333333	0.0243333333333333	0.0626	0.118996666666667	0.0443566666666667	0.522963333333333	0.173996666666667	0.101463333333333	0.17475	0.12846	0.212033333333333	0.100916666666667	0	0.198883333333333	0.109923333333333	0.0718966666666667	0.22224	0.129506666666667	0.0674966666666666	0.07256	0.653676666666667	0.100283333333333	0.384086666666667	1	0.12127	0.0985733333333333	0.03311	0.0546366666666667	0.0814966666666667	0.137736666666667	0.191303333333333	0.02896	0.141333333333333	0.50027	0.126356666666667	0.11735
Preadipocytes	0.0740133333333334	3.33333333335517e-06	1	0.185573333333333	1	1	1	1	1	1	0.0383866666666667	0.0263066666666667	0.54329	0.000403333333333311	0	1	0.0259966666666667	0.0860833333333333	0.380196666666667	0.10076	0.09372	0	0.891596666666667	0.0314433333333334	0	0.648086666666667	0.0988533333333333	0.0294133333333333	1	0.0533266666666666	1	0.348053333333333	0.0826966666666666	0	0.899543333333333	0.456243333333333	0.02712	0.334156666666667	1	1	1	0.06531	0.0085533333333333	1	0.133516666666667	0.11942	0.00910999999999995	0.0529966666666667	0.1261	1	0.26163	0.12913	1	1	0	0.387713333333333	0.423223333333333	0.0648133333333333	1	0.264326666666667	0.163686666666667	0	0.0279933333333333	1	0.000146666666666628	1	0	0.298403333333333	0.0810999999999999	1	0.659513333333333	1	0.109673333333333	0.00969666666666669	0.0914733333333333	0	0.103373333333333	0.376596666666667	0.000286666666666657	0.000953333333333362	1	0	0.0412933333333333	0	0.00377000000000005	0	1	0.4604	1	0.151243333333333	0	1	0.02852	1	0.04269	1	0.112813333333333	0.156903333333333	1	0.07959	1	1	1	0.0221666666666667	0	0.147446666666667	0.134556666666667	0.1261	0.00517999999999996	1	0.688916666666667	1	0.0210399999999999	0	0	0	0.0667333333333333	0.410996666666667	1	1	0.337606666666667	1	0.933346666666667	1	0.0294133333333333	0.00412999999999997	0.130213333333333	0.0085533333333333	0.665503333333333	1	0.103373333333333	0.447723333333333	0.173156666666667	1	0.0164866666666666	0.0043266666666667	1	0.000360000000000027	0.0151433333333333	0.241093333333333	0	0.147446666666667	1	0.0549066666666667	0	1	1.66666666666648e-05	0.148723333333333	0.165213333333333
Sebocytes	0.00878333333333337	0.00244333333333335	0	0	0	0.000143333333333384	0	0.000213333333333288	0	0	0.00353333333333339	0.191846666666667	0	0.32505	0.164816666666667	0.13273	0	0.26641	0	0.0921333333333333	0	1	0	0	0	0.12655	0.000986666666666691	0.00353333333333339	0	0.0722	0.0346033333333333	0.000299999999999967	0.0029366666666667	0.00160666666666665	0.00996333333333332	0.295836666666667	0.000143333333333384	1	0.000439999999999996	1	0.01276	1	0.0442733333333334	0	0.01276	0	0.00160666666666665	0.0112633333333333	0.00996333333333332	0	0	0.0722	0	1	1	0.00775000000000003	0.178423333333333	0.0551533333333334	0.171646666666667	0.00491333333333333	1	0	0.00198333333333334	0	0.0819133333333333	0	0.0159833333333333	0	0.120433333333333	0.0196466666666667	0	0.000780000000000003	0	0.0634966666666666	0.0159833333333333	0	0	0.01774	0.02391	0.05936	0	0	0.05936	9.99999999995449e-06	0.000606666666666644	0.0551533333333334	0	0	0.0374933333333334	0	0.02634	1	0	0	0.00491333333333333	1	2.000000000002e-05	0.0346033333333333	0	0	0	0.00423666666666667	0	9.00000000000345e-05	0.314663333333333	0.233286666666667	0.00491333333333333	0	0.212616666666667	0	0.000143333333333384	0.000439999999999996	0	0.09751	0.0477766666666667	0.164816666666667	0	0	0	1	0.108653333333333	0	0	0.0159833333333333	0.226483333333333	0.114393333333333	0	0.32505	1	0.06774	0	0.0374933333333334	0.284686666666667	0	0.000986666666666691	0.184953333333333	0	0.00198333333333334	0.01276	0.000299999999999967	0.09751	0.295836666666667	0.31856	0.13273	0.000780000000000003	0	0.0374933333333334	0.191846666666667	0
Skeletal muscle	1	1	1	1	1	1	0.964166666666667	1	0.911053333333333	1	1	0.104743333333333	1	1	1	1	1	0	1	1	1	1	1	0	0.09768	1	1	1	1	1	1	1	0.34012	0	0.41264	0	0.88311	1	1	1	1	0.421166666666667	1	1	1	0.953806666666667	1	1	1	1	1	0.301966666666667	1	1	1	1	1	1	1	1	1	0	1	0	1	1	1	1	1	0	1	1	1	1	0	1	0.3249	1	1	1	1	1	1	1	0.86865	1	1	1	1	1	0.000153333333333339	1	0.845646666666667	1	0.588686666666667	1	1	0	1	0.0909566666666667	1	1	1	1	0.97826	0.73919	0.959006666666667	1	1	1	0.936546666666667	1	0.904093333333333	0.195343333333333	1	1	1	1	1	0.876016666666667	1	1	1	1	0.773333333333333	1	1	0	0	1	0.0363666666666667	1	0	1	1	0	1	1	1	1	0.63345	0.0167233333333333	1	1	0.959006666666667	0.704313333333333	0.0197000000000001	1	1
Smooth muscle	1	1	1	1	1	1	1	1	1	1	1	1	1	1	1	1	1	1	1	1	1	1	1	1	1	1	1	1	1	1	1	1	1	1	1	1	1	1	1	1	1	1	1	1	1	1	1	1	1	1	1	1	1	1	1	1	1	1	1	1	1	0.489516666666667	1	1	1	1	1	1	1	1	1	1	1	1	1	1	1	1	1	1	1	1	1	1	1	1	1	1	1	1	1	1	1	1	1	1	1	1	1	1	1	1	1	1	1	1	1	1	1	1	1	1	1	1	0.480686666666667	1	1	1	1	0.0567766666666667	1	1	1	1	1	1	1	1	1	1	1	1	1	1	1	1	1	1	1	1	1	1	1	1	1	1	1	1	1
Tgd cells	0	0.285306666666667	0.828323333333333	1	0.549703333333333	0.933803333333333	0.297113333333333	0.697386666666667	1	0.91386	1	0.0168933333333333	0.651446666666667	0.389936666666667	0.61378	0.290746666666667	0.894386666666667	0.0738166666666666	1	0.11345	1	0	0.97488	0.0931733333333333	0	0.615033333333333	0.286003333333333	0.67944	0.0731033333333333	0.199443333333333	0.236476666666667	0.980903333333333	1	1	0.00592666666666664	0	0.912473333333333	0.1946	0.417106666666667	0.461446666666667	0.503093333333333	0.267653333333333	0.819813333333333	0.683603333333333	1	0.395413333333333	1	1	1	0.43992	0.160756666666667	1	1	0.31699	0.473246666666667	0.22694	0.193383333333333	0.446983333333333	1	0	0.540183333333333	0.431886666666667	1	0.585743333333333	0.194013333333333	0.636733333333333	1	0.0749666666666666	1	1	0.758716666666667	1	1	0.571966666666667	0.637973333333333	1	0.000900000000000012	0.45001	0.83688	1	0.03486	0.532963333333333	0.431886666666667	1	0.709636666666667	0.354226666666667	1	1	0.702903333333333	0.87277	0.45725	0.89152	0.585743333333333	0.20873	0.88861	0.00675666666666663	1	0.346793333333333	0.56694	0.4489	1	0.200106666666667	1	0.704276666666667	0.25377	0	0.161293333333333	1	0.70828	1	0.119956666666667	0.329566666666667	1	0.702903333333333	0.210013333333333	0.19215	0.453013333333333	0.894386666666667	1	0.13394	0.0562133333333333	0.3855	0.521166666666667	0.372843333333333	0.350866666666667	0.14319	1	1	0.299996666666667	0.0281	0.0784833333333333	0.42986	0.722136666666667	1	0.96442	0.96442	1	0.792736666666667	0.72082	0.0731033333333333	0.28676	1	1	0.300736666666667	0.38905	0.0243466666666666	1	0.55593	0.903906666666667
Th1 cells	0.392	0.0279566666666666	0.08766	0.434226666666667	0.000430000000000041	0.02162	0.308956666666667	0.01423	0.0849166666666666	0	0.312563333333333	0.125326666666667	0.155813333333333	0.00556333333333336	0.55086	0.72353	0.02029	0.03512	0.00984333333333332	0.0332233333333334	0	1	0.0722699999999999	0.561066666666667	0	0.00270999999999999	0.40164	0.26477	0.0029433333333333	0.42623	0.438866666666667	0.41778	0.355903333333333	0.126543333333333	0.189566666666667	0	0.105486666666667	0.443433333333333	0.217763333333333	0.0573366666666667	0.04738	0.216653333333333	0.0419633333333334	0	0.0497	0.00539999999999996	0.0521466666666667	0.000516666666666721	6.66666666666593e-05	0.000803333333333378	0.0186033333333333	0.0333333333333333	0	0.124426666666667	0.18611	0.000330000000000052	0.00881666666666669	0.112286666666667	0	0.00248999999999999	0.0438333333333333	0.57038	0.09302	0.0973433333333333	0.00239333333333336	0	0.12085	0.0871933333333333	0.0616	0.591866666666667	0	0.00136999999999998	0.387106666666667	0.000113333333333299	0.10667	0.08004	0.0959866666666667	0.0208366666666666	1	0.0691966666666667	0.0934199999999999	0.03091	0.355903333333333	0.18225	0.0260733333333333	1	0.000826666666666642	0.165746666666667	0.00890000000000002	0.07482	0	0.0443566666666667	0	0	0.0047166666666667	0.42065	0	0.858656666666667	8.66666666666793e-05	0.265276666666667	0.0190766666666666	0.0158833333333334	0	0.82548	0	0	0.963006666666667	0.0663866666666667	1	0.0764533333333334	0.07501	0.0120966666666666	0.676026666666667	0.08766	0.485423333333333	0.0092133333333333	0.0421533333333334	0.105016666666667	0	0.112286666666667	0.02657	0	0.0701933333333333	0	0.22685	0.359483333333333	0.410896666666667	0.0326233333333333	1.33333333333097e-05	0	0.00055666666666665	0.17854	0.0344633333333333	0	0.21887	0.04419	0	0.0569633333333334	0.0770866666666666	0.556606666666667	6.66666666671034e-06	0.00723666666666667	0	0.154186666666667	0.53088	0.00392999999999999	0.0915133333333333	0.56308	0.0097733333333333
Th2 cells	0.0449066666666667	1	0.6792	0.54234	1	1	0.717516666666667	0.8949	1	1	1	0.685853333333333	0.792486666666667	1	0.544733333333333	0.356706666666667	1	0.960156666666667	1	0.711133333333333	0.550733333333333	0.157763333333333	0.356706666666667	0.36476	0.0262133333333333	0.72773	1	0.638933333333333	1	0.591433333333333	0.301413333333333	1	1	0.784563333333333	0.000706666666666633	1	1	0.12085	1	1	1	1	1	1	1	0.845766666666667	1	1	0.939143333333333	0.589186666666667	0.75719	1	1	1	1	1	1	1	1	0.626253333333333	0.950233333333333	0.51395	1	1	0.46745	0.442743333333333	1	0.227626666666667	1	1	1	1	1	0.439383333333333	1	1	0	0.459436666666667	0.347613333333333	1	0.47654	1	0.49635	1	0.50218	0.24782	1	0.657683333333333	0.33088	0.943223333333333	1	1	1	0.940496666666667	0.52851	0.52589	1	0.224213333333333	0.785936666666667	0.529626666666667	0.74193	0.192563333333333	1	0.88943	1	0.0676666666666667	0.139226666666667	1	0.358866666666667	1	0.697223333333333	0.32591	1	1	0.323933333333333	0.875693333333333	0.74193	1	1	0.610156666666667	0.58807	1	0.666576666666667	0.590383333333333	0.939143333333333	0.117376666666667	0.84302	1	1	0.947393333333333	0.49392	0.584493333333333	1	1	1	0.517573333333333	1	1	0.379913333333333	0.85406	0.409893333333333	0.937653333333333	1	0.182143333333333	1	0.119533333333333	0.941913333333333	0.296776666666667	1
Tregs	0.491286666666667	0.186996666666667	1	0.02001	0	0.190976666666667	0	0.02851	1	1	0.399146666666667	0.10026	0.05344	0.343843333333333	0	0.0216533333333333	0.108783333333333	0.0258733333333333	0.140756666666667	0.0584066666666667	0.959703333333333	0	0.0776333333333333	0	0.306623333333333	0.310923333333333	0.01678	0.0403466666666666	0.02124	0.0353466666666666	7.00000000000145e-05	0.1671	0.0346866666666666	0.11496	0.0657833333333333	1	0.0375666666666666	0.0220833333333333	0.07028	0.188573333333333	0.210436666666667	0.00322333333333336	0.00952666666666668	1	0.612443333333333	0.680686666666667	0.266783333333333	0.06109	0.7453	0.236396666666667	0.0146866666666666	0.26391	1	0.12632	0.0623899999999999	0.123913333333333	0.112976666666667	0.102726666666667	0.45837	0.0197033333333333	0.12333	0	0.236396666666667	0.20793	1	0.70678	0.151773333333333	0.16133	0.12799	0.0288966666666667	1	0.06751	0.0352233333333334	1	0.299206666666667	0.0772333333333334	0.133846666666667	0.597163333333333	0	0.125106666666667	0.2307	0.07644	0.339253333333333	0.0412466666666667	0.59573	0	1	0.213813333333333	0.12862	0.5661	0.0222533333333333	0.05296	0.356786666666667	1	0.261796666666667	0.15493	0.152366666666667	0	0.0978466666666666	0.470963333333333	0.289716666666667	0.135683333333333	1	0.0343633333333333	0.0643833333333333	0.863306666666667	0.00634000000000001	0.373983333333333	0	0.325316666666667	0.00121333333333329	0.131826666666667	0.176303333333333	0.00718333333333332	0	0.0249733333333333	0.393023333333333	0.250366666666667	1	0.01816	0.134393333333333	0.325316666666667	0.25421	1	0.0375666666666666	0.05275	0.06472	0.00310999999999995	0.947546666666667	1	1	0.05526	0.44014	1	0.614036666666667	0.0814033333333334	1	0.02036	0.0230533333333334	0.0507833333333333	0.0360966666666667	0.140006666666667	1	0.00410999999999995	0	0.987066666666667	0.175633333333333	0	0.0119733333333333
aDC	0	0.0135266666666667	0.0108266666666667	0	0	0	0	0	0	0.0100066666666667	0	0.00612333333333337	0	1	0	0	0	0	0	0	0.118983333333333	0	0	0	0.03549	0.0523666666666667	0	0	0	0.0172600000000001	0	0	0.00531999999999999	0.11425	0.0018866666666667	1	9.99999999995449e-06	0	0	0	0	0	0.325806666666667	0	0	0	0	0	0.07812	0	0.18246	0.707136666666667	0	0	0.0965166666666667	0.0222433333333333	0	0	0	0	0.0121	0	0	0	0.392176666666667	0	0	0.0119666666666667	0	0	0	0.00779333333333332	0	0.0570566666666666	0	0.00434666666666672	0	0	0	0	0	0.0293333333333333	0	0	1	0	0	0	0.0511166666666667	0.000856666666666617	0.695973333333333	0	0.88179	0	1	0	0.00141000000000002	0	0.858266666666667	0.03093	0	0	0	0	0.00558000000000003	0	0	0	0	0	0	0	0	0.18246	0	0.9558	0.875063333333333	0	0	0	0	0	0	0.0815533333333334	0.000473333333333326	0	0	0.0905566666666666	0.2265	0.765273333333333	1	0.216783333333333	0	0	0	1	0	0.0570566666666666	0.0266366666666666	0	0.0739	1	0	0.029	0	0	0.000856666666666617	0	0
cDC	0	0.219283333333333	0.02845	0.000423333333333331	0	0.00122333333333335	0	0.00284333333333331	0	0.266466666666667	0	0	0.0329166666666667	1	0.00302000000000002	0	0.00212999999999997	0.0120333333333333	0.06432	0	1	0	0.000256666666666683	0	0.05998	1	1	0.000170000000000003	0	0.0103633333333333	0	0	0.000110000000000054	0.00347333333333333	0.631703333333333	1	0.00944999999999996	0	0	0	0.275193333333333	0.00768666666666662	0.157296666666667	0.89967	0.0137966666666667	0.06432	0.0203933333333334	0	1	0.116036666666667	1	0.138436666666667	1	0.28094	0.0263099999999999	0.576	1	1	0.0346033333333333	0	0.379326666666667	0	0	0.160953333333333	1	0	0.00959333333333334	0.00168000000000001	0	0	0.00119333333333338	0.475196666666667	0	1	0	0.0250233333333333	0.0152766666666667	0	0	0.000223333333333353	0	0.19236	0	0	0.00665666666666664	0	0	0.0218466666666667	0.0233833333333333	1.33333333333097e-05	0.534463333333333	0.0786	1	0.19445	1	0	0.26923	0	0.26923	0	0.00489666666666666	0	1	0	0	0.35563	0.000460000000000016	2.000000000002e-05	0	0	0.00239	0	0.0954366666666666	0.296543333333333	0.231383333333333	1	0.129153333333333	0	0.0218466666666667	0.0275933333333334	0.221673333333333	0	0.000913333333333322	0.379326666666667	0.00392999999999999	0.39644	0	0.00381666666666669	1	1	0.00320666666666669	1	0.0275933333333334	1	0	1	0.00284333333333331	1	0.00335333333333332	0	0.212313333333333	0.137	0.0528866666666666	2.33333333333752e-05	0	0	0	0	0.00347333333333333
iDC	0.440736666666667	0.244573333333333	0	0.563346666666667	0	0.0266033333333333	0	0	0	0.324906666666667	0	0	0.00244666666666671	1	0	0	0	0.221946666666667	0.577976666666667	0.0057233333333333	0.445413333333333	0.00153000000000003	0.22379	0.17613	0	0.13533	0.0394066666666667	0	0	4.33333333332842e-05	0.262306666666667	0.02924	0	0.00817999999999997	0.107373333333333	0.0251266666666666	0.37049	0	0.0923166666666667	0.26801	0.53176	0.0574066666666667	0.110013333333333	0.275923333333333	0.0118766666666666	0.76988	0.76988	0.02108	0.0112333333333333	0.0155733333333333	0	0	0.116696666666667	0.960663333333333	0.0266033333333333	0.113973333333333	1	0.115303333333333	0	0.860346666666667	0.34842	0.111316666666667	0.312573333333333	0	6.66666666671034e-06	0	0	0	0.273933333333333	0.00553666666666663	0.000140000000000029	6.66666666671034e-06	0.00265333333333329	1	0.00817999999999997	0.29356	0.285413333333333	0	0	0.291573333333333	0.404476666666667	0.00182666666666664	0	0.000183333333333313	0	0.0271433333333333	0.00405999999999995	0.0565233333333334	4.33333333332842e-05	0	0.62216	0.0236433333333333	0.0536799999999999	0.130923333333333	0	0.703746666666667	0.497853333333333	0	0	0	0.000539999999999985	2.33333333333752e-05	0.928773333333333	0	0	1	0.0067733333333333	0.0206466666666667	0	0.295706666666667	0.752933333333333	0	1	0.00169666666666668	0.188156666666667	0.17777	0	0.379263333333333	0	0.590123333333333	0.858003333333333	0	0	0	0.4158	0.592523333333333	0.150663333333333	0	0.0504466666666666	0.12236	2.99999999999745e-05	0.00275999999999998	0.67905	0.85548	0.00699000000000005	0	0.50764	0.35275	0	0.42028	0.28734	0	0.0853	0	0	2.99999999999745e-05	0	0	0.000950000000000006
ly Endothelial cells	0	0	0	0	0	0	0	0	0	0	0	0	0	0	0	0	0	0	0	0	0	0	0	0.000243333333333373	0	0.436676666666667	0	0	0	0	0	0	0	0	0	0	0	0	0	0	0	0	0	0	0	0.361566666666667	0	0	0	0	0.131633333333333	0	0	0	0	1	0.148886666666667	0	0	0	0	0	0	0	0	0	0	0	0	0	0	0	0	0	0	0	0.14446	0	0	0	0.235133333333333	0	0	0	0.398123333333333	0	0	0	0.108506666666667	0	0.776523333333333	0	0.0778333333333333	0	1	0	0	0	0.83761	0	0	0.42599	0	0	0.1007	0	0	0	0.0778333333333333	0	0	0	0	0	1	0	0	0	0	0	0	0.393076666666667	0	0.0100566666666667	0	0.19146	0	0	0	0	0	0.128826666666667	0	0	0	0	0	0	1	0	0.0314466666666666	0	0	0	0	0.0848566666666667	0	0	0.52577
mv Endothelial cells	0	0	0	0	0	0	0	0	0	0	0	0	0	0	0	0	0	0	0	0	0	0	0	0.00461666666666671	0	0	0	0	0	0	0	0	0	0	0	0	0	0	0	0	0	0	0	0	0	0	0	0	0	0	0	0	0	0	0	0.00120666666666669	0	0	0	0	0	0	0	0	0	0	0	0	0	0	0	0	0	0	0	0	0	0	0.00736333333333339	0	0	0	0	0	0	0	0	0	0	0	0	0	0	0	0	0	0	0	0	0	0	0	0	0	0	0	0	0	0.152713333333333	0	0	0	0	0	1	0	0	0	0	0	0	0	0	0	0	0	0	0	0	0	0	0	0	0	0	0	0	0	0	0	0	0	0	0	0	0	0	0	0
naive B-cells	0.00402666666666662	1	1	1	1	1	1	1	1	1	1	1	1	1	1	0	1	1	1	0.25164	1	0	1	0.00903333333333334	0.05048	1	1	1	0.00053666666666663	1	1	0.000213333333333288	1	1	1	1	1	0.00929333333333338	1	0.0391033333333334	1	0.154426666666667	1	1	1	1	1	1	1	1	1	1	1	1	1	0.18073	1	1	1	0	1	0.00431666666666664	1	1	1	1	1	1	1	1	1	1	1	1	1	1	0	1	0.0230833333333333	0.0614866666666667	1	1	1	1	1	0	1	1	1	1	1	1	1	1	1	0.000353333333333317	1	0.00124000000000002	1	1	1	1	1	1	1	1	1	1	0.02512	0.0567666666666666	0.00687333333333329	1	1	1	0.0241033333333334	1	1	0.0127233333333333	1	1	1	0.112986666666667	1	1	1	0.35508	1	1	1	1	1	1	0.0818	1	1	1	1	1	1	0.00451333333333337	1	1	1	1	0.04693	0.146486666666667	1	1	0.0767033333333333
pDC	0.16691	0.0445566666666667	0.68348	0.179813333333333	0.861406666666667	0.54842	0.608943333333333	0.33259	1	0.12057	0.70694	0.0949	0.12146	0.222506666666667	0.0675566666666667	0	0.762346666666667	0.462743333333333	1	0.0380766666666666	1	0.10066	1	0.11958	0.130036666666667	1	0.884026666666667	0.88816	0.118713333333333	0.0580433333333333	0.77988	0.86856	1	0.419063333333333	1	1	0.413453333333333	0.124226666666667	0.561943333333333	1	0.59473	0.206233333333333	0.884026666666667	0.270793333333333	0.305853333333333	0.300936666666667	0.64294	1	0.88024	0.0202933333333334	1	0.74794	1	0.413453333333333	0.229616666666667	0.7979	0.0194766666666667	0.7979	1	0	0.102126666666667	0.0234066666666667	1	1	0.606553333333333	0.823156666666667	1	1	0.133973333333333	1	1	1	0.37181	0.10066	0.521776666666667	0.597146666666667	1	0.599523333333333	0.0325966666666667	0.297666666666667	0.497876666666667	0.18461	0.0706633333333333	1	0.606553333333333	0.0371433333333333	1	0.68348	0.807146666666667	1	0.667956666666667	0.112706666666667	0.0814733333333333	0.0882566666666666	0.353656666666667	0.349923333333333	1	0.210213333333333	1	1	1	0.7979	1	1	0.0895133333333333	0.0941666666666666	0.101333333333333	1	0.04199	0.15034	0.64534	1	0.725716666666667	0.0273466666666666	0.54842	1	1	0.0539166666666666	1	1	1	0.487346666666667	1	0.20488	0.06501	0.20083	1	1	0.226676666666667	1	1	1	0.148203333333333	1	0.733893333333333	0.712183333333333	1	1	0.171433333333333	0.0157733333333333	0.0543333333333333	0.300936666666667	0.64294	1	0.215763333333333	0	1	1	0.481173333333333
pro B-cells	0.18568	0.53775	0.86039	1	0.0113799999999999	1	0.74338	1	0.68697	1	1	0.371436666666667	1	0.61966	1	0.255046666666667	1	0.2967	1	0.154	0.367883333333333	0.0432266666666666	0.394456666666667	0.74587	0	1	1	1	0.0863333333333334	1	0.626906666666667	0.364313333333333	1	1	0.16492	0.0314133333333333	1	0.27112	1	0.31019	0.283106666666667	0.626906666666667	1	0.194243333333333	1	0.311636666666667	1	0.346366666666667	0.61966	0.37768	0.704876666666667	1	1	0.530413333333333	1	0.442126666666667	1	1	0.51774	0.0407033333333333	1	1	1	0.45954	1	0.273323333333333	1	0.824476666666667	0.394456666666667	0.539356666666667	0.325066666666667	0.714216666666667	1	1	0.670146666666667	1	0.0517366666666667	0.291796666666667	1	0.31365	0.21441	1	1	1	1	1	1	1	0.339703333333333	0.628813333333333	0.29486	1	0.49332	0.76707	0.588356666666667	0.18815	1	0.868636666666667	0.59504	0.46683	0.486936666666667	0.225886666666667	0.26396	0.539356666666667	0.31724	0.013	0.83462	1	1	0.335833333333333	0.144533333333333	0.268436666666667	1	1	1	0.956023333333333	1	0.723866666666667	0.811393333333333	1	0.24795	0.194663333333333	0.308663333333333	0.0631966666666667	0.947763333333333	0.516283333333333	1	1	0.276816666666667	0.207533333333333	0.118853333333333	1	0.453753333333333	0.251246666666667	1	0.927516666666667	0.956023333333333	1	1	0.509546666666667	0.369713333333333	0.419163333333333	1	0.321546666666667	0.652216666666667	0.24697	0.451423333333333	0.72632	0.21522
