drivers;Driver_2_cluster_label_2.0;Driver_2_cluster_label_2.1;Driver_3_cluster_label_3.0;Driver_3_cluster_label_3.1;Driver_3_cluster_label_3.2;Driver_4_cluster_label_4.0;Driver_4_cluster_label_4.1;Driver_4_cluster_label_4.2;Driver_4_cluster_label_4.3
ADNP;48.0;1.0;47.0;0.0;2.0;10.0;39.0;0.0;0.0
ADNP2;35.0;6.0;35.0;5.0;1.0;5.0;31.0;1.0;4.0
AEBP1;34.0;2.0;32.0;3.0;1.0;8.0;25.0;3.0;0.0
AEBP2;22.0;0.0;22.0;0.0;0.0;3.0;19.0;0.0;0.0
AHCTF1;17.0;2.0;16.0;1.0;2.0;5.0;13.0;0.0;1.0
AHDC1;10.0;0.0;9.0;1.0;0.0;1.0;8.0;1.0;0.0
AHR;25.0;0.0;23.0;1.0;1.0;5.0;19.0;1.0;0.0
AKAP8;16.0;3.0;13.0;3.0;3.0;4.0;12.0;1.0;2.0
AKAP8L;16.0;3.0;15.0;2.0;2.0;3.0;14.0;0.0;2.0
AKNA;11.0;2.0;11.0;2.0;0.0;1.0;10.0;0.0;2.0
ANKZF1;16.0;2.0;15.0;1.0;2.0;4.0;13.0;1.0;0.0
AR;6.0;3.0;5.0;2.0;2.0;2.0;5.0;0.0;2.0
ARHGAP35;9.0;0.0;8.0;1.0;0.0;2.0;6.0;1.0;0.0
ARID2;20.0;1.0;20.0;0.0;1.0;5.0;16.0;0.0;0.0
ARID3B;4.0;0.0;4.0;0.0;0.0;0.0;4.0;0.0;0.0
ARID5A;11.0;2.0;9.0;2.0;2.0;3.0;8.0;2.0;0.0
ARID5B;4.0;0.0;4.0;0.0;0.0;0.0;4.0;0.0;0.0
ARNT;19.0;2.0;18.0;1.0;2.0;6.0;14.0;0.0;1.0
ARNT2;1.0;0.0;1.0;0.0;0.0;0.0;1.0;0.0;0.0
ARNTL;5.0;0.0;5.0;0.0;0.0;1.0;4.0;0.0;0.0
ARNTL2;9.0;0.0;9.0;0.0;0.0;1.0;8.0;0.0;0.0
ASH1L;18.0;2.0;17.0;1.0;2.0;5.0;14.0;0.0;1.0
ATF1;16.0;1.0;16.0;0.0;1.0;3.0;14.0;0.0;0.0
ATF2;15.0;1.0;15.0;1.0;0.0;2.0;13.0;1.0;0.0
ATF3;9.0;2.0;9.0;1.0;1.0;3.0;7.0;0.0;1.0
ATF4;9.0;0.0;9.0;0.0;0.0;2.0;7.0;0.0;0.0
ATF5;3.0;1.0;3.0;1.0;0.0;0.0;3.0;0.0;1.0
ATF6;20.0;2.0;19.0;1.0;2.0;6.0;15.0;0.0;1.0
ATF6B;16.0;1.0;16.0;1.0;0.0;3.0;13.0;0.0;1.0
ATF7;18.0;1.0;18.0;0.0;1.0;4.0;15.0;0.0;0.0
ATMIN;17.0;0.0;17.0;0.0;0.0;4.0;13.0;0.0;0.0
ATOH8;6.0;1.0;6.0;1.0;0.0;0.0;6.0;1.0;0.0
BACH1;14.0;1.0;14.0;1.0;0.0;1.0;13.0;0.0;1.0
BATF;23.0;1.0;22.0;1.0;1.0;4.0;19.0;0.0;1.0
BATF2;10.0;0.0;10.0;0.0;0.0;1.0;9.0;0.0;0.0
BATF3;11.0;1.0;10.0;1.0;1.0;2.0;9.0;0.0;1.0
BAZ2A;21.0;1.0;21.0;0.0;1.0;5.0;17.0;0.0;0.0
BAZ2B;14.0;1.0;13.0;2.0;0.0;2.0;11.0;2.0;0.0
BBX;14.0;1.0;14.0;1.0;0.0;2.0;12.0;0.0;1.0
BCL11B;19.0;1.0;19.0;1.0;0.0;2.0;17.0;0.0;1.0
BCL6;2.0;0.0;2.0;0.0;0.0;0.0;2.0;0.0;0.0
BCL6B;32.0;3.0;30.0;2.0;3.0;7.0;26.0;0.0;2.0
BHLHA15;21.0;2.0;21.0;1.0;1.0;5.0;17.0;1.0;0.0
BHLHE40;7.0;0.0;7.0;0.0;0.0;1.0;6.0;0.0;0.0
BNC2;12.0;2.0;12.0;2.0;0.0;1.0;11.0;0.0;2.0
BPTF;22.0;2.0;22.0;1.0;1.0;5.0;18.0;0.0;1.0
BRF2;28.0;4.0;25.0;5.0;2.0;7.0;20.0;2.0;3.0
C11orf95;13.0;1.0;13.0;0.0;1.0;4.0;10.0;0.0;0.0
CAMTA1;17.0;1.0;15.0;2.0;1.0;3.0;13.0;1.0;1.0
CAMTA2;16.0;2.0;16.0;1.0;1.0;1.0;16.0;0.0;1.0
CARF;5.0;1.0;5.0;1.0;0.0;1.0;4.0;1.0;0.0
CBX2;7.0;1.0;7.0;1.0;0.0;0.0;7.0;0.0;1.0
CC2D1A;12.0;2.0;11.0;2.0;1.0;2.0;10.0;0.0;2.0
CCDC17;20.0;1.0;20.0;1.0;0.0;5.0;15.0;0.0;1.0
CDC5L;18.0;1.0;18.0;1.0;0.0;2.0;16.0;0.0;1.0
CEBPA;9.0;0.0;9.0;0.0;0.0;1.0;8.0;0.0;0.0
CEBPB;46.0;1.0;45.0;0.0;2.0;10.0;37.0;0.0;0.0
CEBPD;3.0;2.0;3.0;1.0;1.0;1.0;3.0;0.0;1.0
CEBPG;8.0;1.0;6.0;1.0;2.0;3.0;5.0;1.0;0.0
CEBPZ;7.0;1.0;7.0;0.0;1.0;1.0;7.0;0.0;0.0
CENPA;13.0;2.0;13.0;1.0;1.0;3.0;11.0;1.0;0.0
CENPB;42.0;0.0;41.0;0.0;1.0;3.0;39.0;0.0;0.0
CENPBD1;4.0;0.0;4.0;0.0;0.0;0.0;4.0;0.0;0.0
CENPT;16.0;0.0;15.0;1.0;0.0;4.0;11.0;1.0;0.0
CGGBP1;13.0;1.0;13.0;1.0;0.0;2.0;11.0;0.0;1.0
CHAMP1;20.0;2.0;18.0;2.0;2.0;3.0;17.0;2.0;0.0
CHCHD3;30.0;1.0;29.0;2.0;0.0;6.0;23.0;2.0;0.0
CIC;5.0;1.0;5.0;1.0;0.0;0.0;5.0;0.0;1.0
CLOCK;17.0;0.0;17.0;0.0;0.0;1.0;16.0;0.0;0.0
CREB1;11.0;2.0;11.0;1.0;1.0;2.0;10.0;1.0;0.0
CREB3;17.0;1.0;17.0;1.0;0.0;2.0;15.0;0.0;1.0
CREB3L1;10.0;0.0;9.0;0.0;1.0;3.0;7.0;0.0;0.0
CREB3L2;14.0;1.0;14.0;1.0;0.0;2.0;12.0;1.0;0.0
CREB3L4;19.0;2.0;17.0;1.0;3.0;6.0;14.0;0.0;1.0
CREB5;29.0;2.0;28.0;1.0;2.0;7.0;23.0;1.0;0.0
CREBL2;13.0;0.0;13.0;0.0;0.0;1.0;12.0;0.0;0.0
CREBZF;14.0;2.0;14.0;1.0;1.0;4.0;11.0;0.0;1.0
CREM;4.0;0.0;4.0;0.0;0.0;1.0;3.0;0.0;0.0
CSRNP1;3.0;0.0;3.0;0.0;0.0;0.0;3.0;0.0;0.0
CSRNP2;20.0;1.0;20.0;0.0;1.0;4.0;17.0;0.0;0.0
CTCF;15.0;0.0;14.0;1.0;0.0;3.0;11.0;1.0;0.0
CUX1;31.0;1.0;29.0;2.0;1.0;8.0;22.0;2.0;0.0
CXXC1;25.0;5.0;25.0;4.0;1.0;2.0;24.0;0.0;4.0
DACH1;37.0;2.0;34.0;3.0;2.0;7.0;29.0;3.0;0.0
DDIT3;11.0;1.0;11.0;0.0;1.0;2.0;10.0;0.0;0.0
DEAF1;3.0;0.0;3.0;0.0;0.0;0.0;3.0;0.0;0.0
DMTF1;29.0;2.0;28.0;2.0;1.0;8.0;21.0;2.0;0.0
DNMT1;5.0;0.0;4.0;0.0;1.0;2.0;3.0;0.0;0.0
DNTTIP1;47.0;1.0;46.0;0.0;2.0;9.0;39.0;0.0;0.0
DOT1L;6.0;1.0;6.0;0.0;1.0;2.0;5.0;0.0;0.0
DPF3;3.0;0.0;2.0;0.0;1.0;1.0;2.0;0.0;0.0
DR1;22.0;0.0;22.0;0.0;0.0;4.0;18.0;0.0;0.0
DRAP1;14.0;1.0;14.0;0.0;1.0;4.0;11.0;0.0;0.0
DZIP1;34.0;3.0;32.0;4.0;1.0;6.0;27.0;3.0;1.0
E2F1;47.0;1.0;47.0;0.0;1.0;9.0;39.0;0.0;0.0
E2F2;6.0;0.0;6.0;0.0;0.0;1.0;5.0;0.0;0.0
E2F3;12.0;1.0;12.0;1.0;0.0;1.0;11.0;0.0;1.0
E2F4;14.0;0.0;14.0;0.0;0.0;4.0;10.0;0.0;0.0
E2F5;30.0;2.0;28.0;2.0;2.0;9.0;21.0;1.0;1.0
E2F6;14.0;2.0;13.0;1.0;2.0;5.0;10.0;1.0;0.0
E2F7;18.0;1.0;18.0;1.0;0.0;4.0;14.0;0.0;1.0
E2F8;8.0;1.0;8.0;0.0;1.0;2.0;7.0;0.0;0.0
E4F1;21.0;0.0;21.0;0.0;0.0;4.0;17.0;0.0;0.0
EBF1;12.0;0.0;11.0;0.0;1.0;2.0;10.0;0.0;0.0
EBF2;14.0;2.0;11.0;4.0;1.0;3.0;9.0;2.0;2.0
EBF3;9.0;0.0;9.0;0.0;0.0;1.0;8.0;0.0;0.0
EBF4;34.0;0.0;33.0;0.0;1.0;4.0;30.0;0.0;0.0
EEA1;21.0;1.0;21.0;1.0;0.0;4.0;17.0;0.0;1.0
EGR1;3.0;0.0;3.0;0.0;0.0;0.0;3.0;0.0;0.0
EGR2;5.0;1.0;4.0;1.0;1.0;2.0;3.0;1.0;0.0
EGR3;7.0;1.0;6.0;2.0;0.0;0.0;6.0;1.0;1.0
EHF;12.0;0.0;12.0;0.0;0.0;2.0;10.0;0.0;0.0
ELF1;38.0;3.0;35.0;4.0;2.0;7.0;30.0;3.0;1.0
ELF2;14.0;0.0;14.0;0.0;0.0;1.0;13.0;0.0;0.0
ELF3;18.0;2.0;17.0;1.0;2.0;5.0;14.0;0.0;1.0
ELF4;21.0;3.0;18.0;3.0;3.0;6.0;15.0;1.0;2.0
ELK1;5.0;0.0;4.0;0.0;1.0;1.0;4.0;0.0;0.0
ELK3;18.0;1.0;18.0;1.0;0.0;2.0;16.0;0.0;1.0
ELK4;21.0;2.0;19.0;2.0;2.0;6.0;15.0;1.0;1.0
EOMES;14.0;0.0;13.0;0.0;1.0;3.0;11.0;0.0;0.0
EPAS1;12.0;2.0;12.0;1.0;1.0;3.0;10.0;1.0;0.0
ERF;14.0;1.0;12.0;2.0;1.0;2.0;11.0;1.0;1.0
ERG;14.0;2.0;14.0;2.0;0.0;1.0;13.0;0.0;2.0
ESRRA;15.0;1.0;15.0;0.0;1.0;4.0;12.0;0.0;0.0
ESRRG;2.0;0.0;2.0;0.0;0.0;0.0;2.0;0.0;0.0
ETS1;10.0;1.0;10.0;0.0;1.0;3.0;8.0;0.0;0.0
ETS2;17.0;1.0;15.0;2.0;1.0;2.0;14.0;1.0;1.0
ETV2;5.0;2.0;4.0;2.0;1.0;2.0;3.0;1.0;1.0
ETV3;16.0;2.0;15.0;1.0;2.0;4.0;13.0;0.0;1.0
ETV5;6.0;0.0;6.0;0.0;0.0;1.0;5.0;0.0;0.0
ETV6;6.0;0.0;6.0;0.0;0.0;0.0;6.0;0.0;0.0
ETV7;14.0;1.0;14.0;1.0;0.0;2.0;12.0;0.0;1.0
FAM200B;17.0;1.0;17.0;1.0;0.0;2.0;15.0;0.0;1.0
FBXL19;16.0;1.0;16.0;0.0;1.0;4.0;13.0;0.0;0.0
FIZ1;15.0;1.0;13.0;2.0;1.0;3.0;11.0;1.0;1.0
FLI1;13.0;0.0;13.0;0.0;0.0;3.0;10.0;0.0;0.0
FLYWCH1;14.0;0.0;13.0;0.0;1.0;3.0;11.0;0.0;0.0
FOS;17.0;1.0;17.0;1.0;0.0;2.0;15.0;0.0;1.0
FOSB;3.0;1.0;2.0;2.0;0.0;0.0;2.0;1.0;1.0
FOSL1;11.0;1.0;11.0;0.0;1.0;3.0;9.0;0.0;0.0
FOSL2;12.0;2.0;12.0;1.0;1.0;4.0;9.0;1.0;0.0
FOXA3;14.0;0.0;12.0;1.0;1.0;2.0;11.0;1.0;0.0
FOXC1;8.0;1.0;8.0;1.0;0.0;1.0;7.0;0.0;1.0
FOXC2;18.0;0.0;18.0;0.0;0.0;4.0;14.0;0.0;0.0
FOXF1;1.0;0.0;1.0;0.0;0.0;0.0;1.0;0.0;0.0
FOXF2;3.0;1.0;3.0;1.0;0.0;0.0;3.0;0.0;1.0
FOXJ1;22.0;2.0;22.0;1.0;1.0;4.0;19.0;0.0;1.0
FOXJ2;18.0;0.0;18.0;0.0;0.0;2.0;16.0;0.0;0.0
FOXJ3;20.0;0.0;20.0;0.0;0.0;2.0;18.0;0.0;0.0
FOXK1;31.0;2.0;30.0;2.0;1.0;6.0;25.0;2.0;0.0
FOXK2;22.0;2.0;22.0;1.0;1.0;5.0;18.0;0.0;1.0
FOXM1;24.0;1.0;23.0;1.0;1.0;4.0;20.0;0.0;1.0
FOXN2;6.0;1.0;6.0;1.0;0.0;0.0;6.0;1.0;0.0
FOXN3;15.0;1.0;15.0;1.0;0.0;1.0;14.0;0.0;1.0
FOXO1;14.0;1.0;13.0;1.0;1.0;2.0;12.0;1.0;0.0
FOXO3;2.0;1.0;2.0;1.0;0.0;0.0;2.0;0.0;1.0
FOXO4;7.0;1.0;6.0;1.0;1.0;3.0;4.0;0.0;1.0
FOXP2;2.0;0.0;1.0;1.0;0.0;0.0;1.0;1.0;0.0
FOXP3;16.0;3.0;15.0;2.0;2.0;5.0;12.0;0.0;2.0
FOXP4;16.0;1.0;15.0;1.0;1.0;3.0;13.0;0.0;1.0
FOXS1;15.0;0.0;15.0;0.0;0.0;1.0;14.0;0.0;0.0
GABPA;19.0;2.0;19.0;2.0;0.0;2.0;17.0;0.0;2.0
GATA2;1.0;0.0;1.0;0.0;0.0;0.0;1.0;0.0;0.0
GATA3;18.0;1.0;17.0;0.0;2.0;5.0;14.0;0.0;0.0
GATA6;5.0;1.0;5.0;1.0;0.0;0.0;5.0;0.0;1.0
GATAD2A;16.0;3.0;14.0;2.0;3.0;5.0;12.0;0.0;2.0
GATAD2B;14.0;2.0;13.0;1.0;2.0;5.0;10.0;0.0;1.0
GFI1;16.0;0.0;16.0;0.0;0.0;2.0;14.0;0.0;0.0
GLI1;4.0;0.0;4.0;0.0;0.0;0.0;4.0;0.0;0.0
GLI2;11.0;1.0;11.0;1.0;0.0;1.0;10.0;1.0;0.0
GLI3;6.0;1.0;6.0;1.0;0.0;1.0;5.0;1.0;0.0
GLI4;27.0;2.0;25.0;4.0;0.0;5.0;20.0;2.0;2.0
GLIS2;21.0;0.0;20.0;0.0;1.0;5.0;16.0;0.0;0.0
GLIS3;6.0;1.0;6.0;1.0;0.0;0.0;6.0;0.0;1.0
GLYR1;19.0;0.0;19.0;0.0;0.0;4.0;15.0;0.0;0.0
GMEB1;5.0;0.0;5.0;0.0;0.0;0.0;5.0;0.0;0.0
GMEB2;49.0;1.0;47.0;0.0;3.0;11.0;39.0;0.0;0.0
GPBP1;18.0;0.0;17.0;0.0;1.0;5.0;13.0;0.0;0.0
GRHL1;2.0;0.0;2.0;0.0;0.0;0.0;2.0;0.0;0.0
GRHL3;2.0;0.0;2.0;0.0;0.0;0.0;2.0;0.0;0.0
GTF2B;10.0;0.0;10.0;0.0;0.0;1.0;9.0;0.0;0.0
GTF2I;30.0;3.0;29.0;3.0;1.0;8.0;22.0;2.0;1.0
GTF2IRD1;16.0;0.0;15.0;1.0;0.0;3.0;12.0;1.0;0.0
GTF3A;39.0;1.0;36.0;3.0;1.0;6.0;31.0;3.0;0.0
GZF1;3.0;0.0;3.0;0.0;0.0;0.0;3.0;0.0;0.0
HBP1;27.0;1.0;25.0;2.0;1.0;6.0;20.0;2.0;0.0
HES1;1.0;1.0;1.0;1.0;0.0;1.0;0.0;0.0;1.0
HES4;24.0;0.0;24.0;0.0;0.0;5.0;19.0;0.0;0.0
HES6;13.0;1.0;13.0;0.0;1.0;3.0;11.0;0.0;0.0
HEYL;23.0;1.0;23.0;1.0;0.0;4.0;19.0;0.0;1.0
HHEX;5.0;0.0;5.0;0.0;0.0;1.0;4.0;0.0;0.0
HIC1;34.0;3.0;34.0;3.0;0.0;5.0;29.0;0.0;3.0
HIC2;10.0;0.0;10.0;0.0;0.0;1.0;9.0;0.0;0.0
HIF1A;14.0;0.0;14.0;0.0;0.0;2.0;12.0;0.0;0.0
HIF3A;9.0;1.0;7.0;2.0;1.0;2.0;6.0;1.0;1.0
HIVEP1;10.0;1.0;10.0;1.0;0.0;0.0;10.0;0.0;1.0
HIVEP2;5.0;2.0;4.0;3.0;0.0;0.0;4.0;1.0;2.0
HKR1;5.0;1.0;3.0;2.0;1.0;1.0;3.0;1.0;1.0
HLF;11.0;1.0;11.0;1.0;0.0;1.0;10.0;0.0;1.0
HLX;3.0;1.0;2.0;1.0;1.0;1.0;2.0;0.0;1.0
HMBOX1;4.0;1.0;3.0;2.0;0.0;0.0;3.0;1.0;1.0
HMG20A;16.0;1.0;16.0;0.0;1.0;2.0;15.0;0.0;0.0
HMG20B;14.0;4.0;13.0;3.0;2.0;3.0;12.0;0.0;3.0
HMGA1;13.0;1.0;13.0;1.0;0.0;2.0;11.0;0.0;1.0
HMGN3;7.0;2.0;7.0;1.0;1.0;2.0;6.0;0.0;1.0
HOXA2;4.0;0.0;4.0;0.0;0.0;1.0;3.0;0.0;0.0
HOXA3;14.0;1.0;14.0;1.0;0.0;2.0;12.0;1.0;0.0
HOXA4;19.0;1.0;18.0;0.0;2.0;4.0;16.0;0.0;0.0
HOXA5;4.0;0.0;4.0;0.0;0.0;1.0;3.0;0.0;0.0
HOXA7;9.0;0.0;8.0;1.0;0.0;2.0;6.0;1.0;0.0
HOXB2;5.0;1.0;5.0;1.0;0.0;1.0;4.0;0.0;1.0
HOXB3;12.0;0.0;12.0;0.0;0.0;2.0;10.0;0.0;0.0
HOXB4;13.0;1.0;13.0;1.0;0.0;1.0;12.0;0.0;1.0
HOXB5;11.0;1.0;11.0;1.0;0.0;2.0;9.0;0.0;1.0
HOXB6;15.0;2.0;15.0;1.0;1.0;4.0;12.0;0.0;1.0
HOXB7;4.0;0.0;4.0;0.0;0.0;0.0;4.0;0.0;0.0
HSF1;32.0;3.0;29.0;4.0;2.0;9.0;22.0;2.0;2.0
HSF4;17.0;0.0;17.0;0.0;0.0;4.0;13.0;0.0;0.0
IKZF1;28.0;2.0;26.0;2.0;2.0;6.0;22.0;2.0;0.0
IKZF3;20.0;3.0;20.0;2.0;1.0;5.0;16.0;0.0;2.0
IKZF4;19.0;1.0;19.0;0.0;1.0;3.0;17.0;0.0;0.0
IKZF5;10.0;0.0;10.0;0.0;0.0;2.0;8.0;0.0;0.0
IRF1;7.0;0.0;6.0;0.0;1.0;2.0;5.0;0.0;0.0
IRF2;4.0;0.0;4.0;0.0;0.0;0.0;4.0;0.0;0.0
IRF3;15.0;1.0;13.0;2.0;1.0;3.0;11.0;1.0;1.0
IRF4;15.0;1.0;15.0;1.0;0.0;2.0;13.0;0.0;1.0
IRF5;19.0;1.0;18.0;2.0;0.0;2.0;16.0;2.0;0.0
IRF6;18.0;2.0;17.0;1.0;2.0;5.0;14.0;0.0;1.0
IRF7;3.0;0.0;3.0;0.0;0.0;0.0;3.0;0.0;0.0
IRF8;15.0;0.0;15.0;0.0;0.0;2.0;13.0;0.0;0.0
IRF9;11.0;0.0;11.0;0.0;0.0;0.0;11.0;0.0;0.0
IRX5;15.0;0.0;14.0;1.0;0.0;3.0;11.0;1.0;0.0
JAZF1;26.0;3.0;24.0;3.0;2.0;6.0;20.0;2.0;1.0
JDP2;10.0;0.0;10.0;0.0;0.0;1.0;9.0;0.0;0.0
JRK;17.0;2.0;17.0;1.0;1.0;8.0;10.0;0.0;1.0
JRKL;12.0;2.0;12.0;1.0;1.0;3.0;10.0;0.0;1.0
JUN;22.0;0.0;22.0;0.0;0.0;4.0;18.0;0.0;0.0
JUNB;4.0;0.0;4.0;0.0;0.0;1.0;3.0;0.0;0.0
JUND;6.0;1.0;6.0;1.0;0.0;0.0;6.0;0.0;1.0
KAT7;19.0;2.0;19.0;1.0;1.0;4.0;16.0;0.0;1.0
KCMF1;13.0;2.0;13.0;1.0;1.0;3.0;11.0;1.0;0.0
KCNIP3;11.0;2.0;11.0;1.0;1.0;3.0;9.0;1.0;0.0
KDM2A;13.0;1.0;12.0;1.0;1.0;4.0;9.0;1.0;0.0
KDM5B;14.0;2.0;13.0;1.0;2.0;4.0;11.0;0.0;1.0
KIN;2.0;1.0;2.0;0.0;1.0;1.0;2.0;0.0;0.0
KLF10;29.0;2.0;27.0;4.0;0.0;7.0;20.0;2.0;2.0
KLF11;1.0;0.0;1.0;0.0;0.0;0.0;1.0;0.0;0.0
KLF12;17.0;1.0;16.0;0.0;2.0;2.0;16.0;0.0;0.0
KLF13;1.0;0.0;1.0;0.0;0.0;0.0;1.0;0.0;0.0
KLF15;1.0;1.0;1.0;1.0;0.0;0.0;1.0;0.0;1.0
KLF16;14.0;2.0;13.0;1.0;2.0;3.0;12.0;0.0;1.0
KLF2;4.0;1.0;4.0;1.0;0.0;0.0;4.0;0.0;1.0
KLF3;12.0;0.0;12.0;0.0;0.0;1.0;11.0;0.0;0.0
KLF4;0.0;1.0;0.0;1.0;0.0;0.0;0.0;0.0;1.0
KLF5;40.0;2.0;37.0;3.0;2.0;7.0;32.0;3.0;0.0
KLF6;20.0;1.0;20.0;0.0;1.0;5.0;16.0;0.0;0.0
KLF7;13.0;1.0;13.0;1.0;0.0;1.0;12.0;1.0;0.0
KLF9;2.0;1.0;2.0;1.0;0.0;0.0;2.0;0.0;1.0
KMT2A;14.0;2.0;14.0;1.0;1.0;4.0;11.0;0.0;1.0
KMT2B;14.0;3.0;11.0;3.0;3.0;4.0;10.0;1.0;2.0
L3MBTL1;47.0;1.0;46.0;0.0;2.0;10.0;38.0;0.0;0.0
L3MBTL4;23.0;1.0;23.0;1.0;0.0;2.0;21.0;0.0;1.0
LCOR;10.0;1.0;10.0;0.0;1.0;3.0;8.0;0.0;0.0
LCORL;15.0;1.0;15.0;1.0;0.0;1.0;14.0;0.0;1.0
LEF1;6.0;0.0;6.0;0.0;0.0;0.0;6.0;0.0;0.0
LHX6;6.0;0.0;5.0;0.0;1.0;1.0;5.0;0.0;0.0
LIN54;17.0;1.0;17.0;1.0;0.0;1.0;16.0;0.0;1.0
LTF;12.0;0.0;11.0;0.0;1.0;3.0;9.0;0.0;0.0
LYL1;6.0;1.0;5.0;1.0;1.0;1.0;5.0;0.0;1.0
MAF;16.0;0.0;14.0;1.0;1.0;5.0;10.0;1.0;0.0
MAFB;13.0;0.0;13.0;0.0;0.0;1.0;12.0;0.0;0.0
MAFF;21.0;0.0;21.0;0.0;0.0;3.0;18.0;0.0;0.0
MAFG;21.0;2.0;21.0;1.0;1.0;5.0;17.0;0.0;1.0
MAFK;31.0;2.0;29.0;2.0;2.0;9.0;22.0;2.0;0.0
MAZ;13.0;1.0;13.0;0.0;1.0;4.0;10.0;0.0;0.0
MBD1;29.0;4.0;28.0;3.0;2.0;3.0;27.0;0.0;3.0
MBD3;14.0;3.0;13.0;2.0;2.0;3.0;12.0;0.0;2.0
MBD4;1.0;0.0;1.0;0.0;0.0;0.0;1.0;0.0;0.0
MBD6;17.0;0.0;17.0;0.0;0.0;2.0;15.0;0.0;0.0
MBNL2;37.0;2.0;34.0;3.0;2.0;6.0;30.0;3.0;0.0
MECOM;13.0;1.0;13.0;1.0;0.0;2.0;11.0;0.0;1.0
MEF2A;16.0;1.0;16.0;0.0;1.0;4.0;13.0;0.0;0.0
MEF2B;12.0;2.0;11.0;2.0;1.0;2.0;10.0;0.0;2.0
MEF2C;7.0;1.0;6.0;1.0;1.0;2.0;5.0;0.0;1.0
MEF2D;6.0;0.0;5.0;0.0;1.0;1.0;5.0;0.0;0.0
MEIS1;4.0;2.0;4.0;1.0;1.0;1.0;4.0;1.0;0.0
MEIS2;13.0;1.0;12.0;1.0;1.0;3.0;10.0;0.0;1.0
MEIS3;13.0;1.0;11.0;2.0;1.0;2.0;10.0;1.0;1.0
MGA;23.0;1.0;21.0;3.0;0.0;3.0;18.0;2.0;1.0
MITF;12.0;1.0;12.0;1.0;0.0;1.0;11.0;0.0;1.0
MKX;9.0;0.0;9.0;0.0;0.0;2.0;7.0;0.0;0.0
MLX;19.0;2.0;19.0;1.0;1.0;5.0;15.0;0.0;1.0
MLXIP;7.0;0.0;7.0;0.0;0.0;0.0;7.0;0.0;0.0
MLXIPL;33.0;2.0;30.0;3.0;2.0;9.0;23.0;3.0;0.0
MNT;26.0;2.0;26.0;1.0;1.0;5.0;22.0;0.0;1.0
MSANTD3;16.0;1.0;16.0;1.0;0.0;3.0;13.0;0.0;1.0
MSC;22.0;2.0;20.0;4.0;0.0;4.0;16.0;2.0;2.0
MSX1;17.0;0.0;17.0;0.0;0.0;1.0;16.0;0.0;0.0
MTF1;17.0;0.0;16.0;0.0;1.0;3.0;14.0;0.0;0.0
MXD1;6.0;0.0;5.0;1.0;0.0;1.0;4.0;1.0;0.0
MXD3;1.0;0.0;1.0;0.0;0.0;0.0;1.0;0.0;0.0
MXD4;14.0;1.0;14.0;0.0;1.0;3.0;12.0;0.0;0.0
MXI1;2.0;1.0;1.0;1.0;1.0;1.0;1.0;1.0;0.0
MYB;8.0;3.0;8.0;2.0;1.0;3.0;6.0;0.0;2.0
MYBL1;7.0;0.0;7.0;0.0;0.0;1.0;6.0;0.0;0.0
MYBL2;47.0;1.0;47.0;0.0;1.0;9.0;39.0;0.0;0.0
MYC;34.0;3.0;31.0;4.0;2.0;10.0;23.0;2.0;2.0
MYCL;8.0;0.0;8.0;0.0;0.0;0.0;8.0;0.0;0.0
MYNN;14.0;1.0;13.0;2.0;0.0;2.0;11.0;1.0;1.0
MYPOP;6.0;0.0;6.0;0.0;0.0;1.0;5.0;0.0;0.0
MYRF;8.0;1.0;8.0;0.0;1.0;2.0;7.0;0.0;0.0
MYSM1;13.0;0.0;13.0;0.0;0.0;1.0;12.0;0.0;0.0
MZF1;12.0;0.0;10.0;1.0;1.0;2.0;9.0;1.0;0.0
NACC2;3.0;1.0;3.0;1.0;0.0;0.0;3.0;0.0;1.0
NCOA1;14.0;2.0;14.0;1.0;1.0;4.0;11.0;1.0;0.0
NCOA2;35.0;3.0;32.0;4.0;2.0;10.0;24.0;2.0;2.0
NCOA3;48.0;1.0;47.0;0.0;2.0;10.0;39.0;0.0;0.0
NFAT5;17.0;0.0;17.0;0.0;0.0;4.0;13.0;0.0;0.0
NFATC1;3.0;3.0;3.0;2.0;1.0;2.0;2.0;0.0;2.0
NFATC2;42.0;1.0;41.0;0.0;2.0;8.0;35.0;0.0;0.0
NFATC3;15.0;0.0;15.0;0.0;0.0;4.0;11.0;0.0;0.0
NFATC4;15.0;0.0;14.0;0.0;1.0;1.0;14.0;0.0;0.0
NFE2;12.0;1.0;12.0;0.0;1.0;2.0;11.0;0.0;0.0
NFE2L1;18.0;1.0;17.0;2.0;0.0;3.0;14.0;1.0;1.0
NFE2L2;13.0;1.0;13.0;1.0;0.0;2.0;11.0;1.0;0.0
NFE2L3;34.0;2.0;32.0;2.0;2.0;9.0;25.0;2.0;0.0
NFIA;19.0;0.0;19.0;0.0;0.0;2.0;17.0;0.0;0.0
NFIB;1.0;0.0;1.0;0.0;0.0;0.0;1.0;0.0;0.0
NFIC;6.0;0.0;6.0;0.0;0.0;0.0;6.0;0.0;0.0
NFIL3;7.0;0.0;7.0;0.0;0.0;1.0;6.0;0.0;0.0
NFIX;14.0;1.0;12.0;2.0;1.0;2.0;11.0;1.0;1.0
NFKB1;17.0;0.0;17.0;0.0;0.0;2.0;15.0;0.0;0.0
NFKB2;18.0;2.0;18.0;1.0;1.0;5.0;14.0;0.0;1.0
NFX1;13.0;2.0;13.0;1.0;1.0;2.0;12.0;0.0;1.0
NFYA;15.0;1.0;15.0;1.0;0.0;2.0;13.0;0.0;1.0
NFYB;6.0;0.0;6.0;0.0;0.0;1.0;5.0;0.0;0.0
NKRF;18.0;2.0;16.0;2.0;2.0;4.0;14.0;0.0;2.0
NME2;3.0;0.0;3.0;0.0;0.0;1.0;2.0;0.0;0.0
NPAS2;4.0;0.0;4.0;0.0;0.0;1.0;3.0;0.0;0.0
NR1H2;14.0;1.0;12.0;2.0;1.0;3.0;10.0;1.0;1.0
NR1H3;11.0;1.0;11.0;1.0;0.0;3.0;8.0;0.0;1.0
NR1I3;6.0;0.0;6.0;0.0;0.0;1.0;5.0;0.0;0.0
NR2C2;8.0;1.0;8.0;1.0;0.0;1.0;7.0;0.0;1.0
NR2F1;18.0;2.0;17.0;2.0;1.0;5.0;13.0;0.0;2.0
NR2F2;11.0;1.0;11.0;0.0;1.0;3.0;9.0;0.0;0.0
NR2F6;13.0;3.0;12.0;2.0;2.0;3.0;11.0;0.0;2.0
NR3C1;15.0;0.0;14.0;0.0;1.0;3.0;12.0;0.0;0.0
NR3C2;3.0;0.0;3.0;0.0;0.0;0.0;3.0;0.0;0.0
NR4A1;13.0;1.0;13.0;0.0;1.0;3.0;11.0;0.0;0.0
NR4A2;5.0;0.0;5.0;0.0;0.0;1.0;4.0;0.0;0.0
NR4A3;14.0;0.0;14.0;0.0;0.0;3.0;11.0;0.0;0.0
NR5A2;7.0;1.0;6.0;1.0;1.0;1.0;6.0;0.0;1.0
NRF1;24.0;1.0;23.0;2.0;0.0;4.0;19.0;2.0;0.0
NRL;1.0;0.0;1.0;0.0;0.0;0.0;1.0;0.0;0.0
OSR1;3.0;2.0;3.0;1.0;1.0;2.0;2.0;1.0;0.0
OSR2;14.0;3.0;11.0;4.0;2.0;4.0;9.0;2.0;2.0
PA2G4;21.0;1.0;21.0;0.0;1.0;5.0;17.0;0.0;0.0
PATZ1;20.0;0.0;20.0;0.0;0.0;2.0;18.0;0.0;0.0
PBX1;16.0;2.0;15.0;1.0;2.0;3.0;14.0;0.0;1.0
PBX2;14.0;1.0;14.0;1.0;0.0;2.0;12.0;0.0;1.0
PBX3;2.0;0.0;2.0;0.0;0.0;0.0;2.0;0.0;0.0
PBX4;2.0;0.0;2.0;0.0;0.0;0.0;2.0;0.0;0.0
PCGF6;12.0;2.0;12.0;1.0;1.0;4.0;9.0;0.0;1.0
PHF1;3.0;0.0;3.0;0.0;0.0;0.0;3.0;0.0;0.0
PHF20;44.0;0.0;44.0;0.0;0.0;7.0;37.0;0.0;0.0
PHF21A;11.0;0.0;11.0;0.0;0.0;2.0;9.0;0.0;0.0
PIN1;14.0;3.0;13.0;2.0;2.0;3.0;12.0;0.0;2.0
PLAGL2;48.0;0.0;47.0;1.0;0.0;8.0;39.0;1.0;0.0
PLSCR1;13.0;1.0;13.0;1.0;0.0;2.0;11.0;0.0;1.0
POGK;18.0;2.0;16.0;1.0;3.0;7.0;12.0;0.0;1.0
POU2AF1;12.0;1.0;12.0;1.0;0.0;2.0;10.0;0.0;1.0
POU2F1;2.0;1.0;2.0;1.0;0.0;0.0;2.0;0.0;1.0
POU2F2;7.0;0.0;7.0;0.0;0.0;0.0;7.0;0.0;0.0
POU2F3;1.0;0.0;1.0;0.0;0.0;0.0;1.0;0.0;0.0
POU6F1;2.0;0.0;2.0;0.0;0.0;1.0;1.0;0.0;0.0
PPARA;21.0;0.0;19.0;1.0;1.0;3.0;17.0;1.0;0.0
PPARG;13.0;0.0;13.0;0.0;0.0;1.0;12.0;0.0;0.0
PRDM1;3.0;0.0;3.0;0.0;0.0;0.0;3.0;0.0;0.0
PRDM16;19.0;1.0;19.0;1.0;0.0;4.0;15.0;0.0;1.0
PRDM2;24.0;0.0;23.0;1.0;0.0;4.0;19.0;1.0;0.0
PRDM4;22.0;0.0;22.0;0.0;0.0;4.0;18.0;0.0;0.0
PRDM5;7.0;0.0;6.0;0.0;1.0;1.0;6.0;0.0;0.0
PRDM8;7.0;0.0;6.0;0.0;1.0;2.0;5.0;0.0;0.0
PREB;14.0;2.0;14.0;1.0;1.0;4.0;11.0;1.0;0.0
PRMT3;13.0;1.0;13.0;0.0;1.0;3.0;11.0;0.0;0.0
PROX1;10.0;2.0;8.0;2.0;2.0;3.0;7.0;0.0;2.0
PRR12;3.0;0.0;2.0;1.0;0.0;0.0;2.0;1.0;0.0
PRRX1;18.0;2.0;17.0;1.0;2.0;5.0;14.0;0.0;1.0
PURA;12.0;0.0;11.0;0.0;1.0;2.0;10.0;0.0;0.0
PURB;32.0;2.0;31.0;2.0;1.0;7.0;25.0;2.0;0.0
RARA;16.0;1.0;16.0;0.0;1.0;3.0;14.0;0.0;0.0
RARG;18.0;1.0;18.0;0.0;1.0;4.0;15.0;0.0;0.0
RBAK;34.0;2.0;32.0;2.0;2.0;9.0;25.0;2.0;0.0
RBCK1;40.0;0.0;39.0;0.0;1.0;3.0;37.0;0.0;0.0
REL;11.0;2.0;10.0;1.0;2.0;4.0;8.0;1.0;0.0
RELA;13.0;1.0;13.0;0.0;1.0;4.0;10.0;0.0;0.0
RELB;10.0;0.0;8.0;1.0;1.0;2.0;7.0;1.0;0.0
REPIN1;29.0;1.0;28.0;2.0;0.0;6.0;22.0;2.0;0.0
REST;19.0;1.0;17.0;1.0;2.0;3.0;16.0;1.0;0.0
REXO4;9.0;2.0;9.0;2.0;0.0;1.0;8.0;0.0;2.0
RFX1;10.0;1.0;10.0;1.0;0.0;1.0;9.0;0.0;1.0
RFX2;2.0;1.0;2.0;1.0;0.0;0.0;2.0;0.0;1.0
RFX3;14.0;1.0;14.0;0.0;1.0;2.0;13.0;0.0;0.0
RFX5;11.0;2.0;10.0;1.0;2.0;3.0;9.0;0.0;1.0
RFX7;21.0;1.0;21.0;1.0;0.0;3.0;18.0;0.0;1.0
RLF;19.0;0.0;19.0;0.0;0.0;2.0;17.0;0.0;0.0
RREB1;7.0;0.0;7.0;0.0;0.0;0.0;7.0;0.0;0.0
RUNX1;21.0;1.0;20.0;2.0;0.0;4.0;16.0;1.0;1.0
RUNX2;11.0;1.0;11.0;1.0;0.0;2.0;9.0;0.0;1.0
RUNX3;25.0;0.0;25.0;0.0;0.0;5.0;20.0;0.0;0.0
RXRA;9.0;2.0;8.0;2.0;1.0;2.0;7.0;0.0;2.0
RXRB;11.0;1.0;11.0;1.0;0.0;2.0;9.0;0.0;1.0
SAFB;11.0;1.0;10.0;0.0;2.0;3.0;9.0;0.0;0.0
SAFB2;10.0;2.0;9.0;2.0;1.0;1.0;9.0;0.0;2.0
SATB1;9.0;0.0;9.0;0.0;0.0;1.0;8.0;0.0;0.0
SCML4;9.0;1.0;9.0;1.0;0.0;2.0;7.0;0.0;1.0
SETBP1;9.0;2.0;8.0;3.0;0.0;1.0;7.0;1.0;2.0
SETDB1;16.0;2.0;15.0;1.0;2.0;5.0;12.0;0.0;1.0
SETDB2;26.0;3.0;24.0;3.0;2.0;5.0;21.0;2.0;1.0
SGSM2;32.0;4.0;31.0;4.0;1.0;4.0;28.0;1.0;3.0
SIX4;24.0;0.0;24.0;0.0;0.0;3.0;21.0;0.0;0.0
SIX5;3.0;0.0;3.0;0.0;0.0;0.0;3.0;0.0;0.0
SKI;25.0;0.0;24.0;1.0;0.0;5.0;19.0;1.0;0.0
SKIL;14.0;0.0;14.0;0.0;0.0;2.0;12.0;0.0;0.0
SLC2A4RG;42.0;0.0;41.0;0.0;1.0;6.0;36.0;0.0;0.0
SMAD1;3.0;0.0;1.0;1.0;1.0;1.0;1.0;1.0;0.0
SMAD4;36.0;4.0;36.0;4.0;0.0;6.0;30.0;0.0;4.0
SMAD5;16.0;1.0;15.0;1.0;1.0;4.0;12.0;0.0;1.0
SMAD9;12.0;0.0;11.0;1.0;0.0;0.0;11.0;1.0;0.0
SMYD3;14.0;2.0;13.0;1.0;2.0;4.0;11.0;0.0;1.0
SNAI1;29.0;1.0;28.0;0.0;2.0;5.0;25.0;0.0;0.0
SNAI2;9.0;0.0;8.0;1.0;0.0;0.0;8.0;1.0;0.0
SNAI3;8.0;0.0;8.0;0.0;0.0;1.0;7.0;0.0;0.0
SNAPC2;7.0;3.0;7.0;2.0;1.0;1.0;7.0;0.0;2.0
SNAPC4;14.0;2.0;13.0;3.0;0.0;1.0;12.0;1.0;2.0
SNAPC5;15.0;0.0;15.0;0.0;0.0;1.0;14.0;0.0;0.0
SON;4.0;1.0;4.0;1.0;0.0;0.0;4.0;0.0;1.0
SOX12;5.0;0.0;5.0;0.0;0.0;0.0;5.0;0.0;0.0
SOX15;13.0;1.0;13.0;1.0;0.0;1.0;12.0;0.0;1.0
SOX17;2.0;0.0;2.0;0.0;0.0;0.0;2.0;0.0;0.0
SOX18;19.0;1.0;19.0;0.0;1.0;3.0;17.0;0.0;0.0
SOX7;5.0;2.0;3.0;3.0;1.0;1.0;3.0;2.0;1.0
SOX8;6.0;0.0;5.0;0.0;1.0;1.0;5.0;0.0;0.0
SOX9;1.0;0.0;1.0;0.0;0.0;0.0;1.0;0.0;0.0
SP1;19.0;1.0;18.0;0.0;2.0;5.0;15.0;0.0;0.0
SP100;12.0;2.0;11.0;1.0;2.0;3.0;10.0;1.0;0.0
SP110;9.0;1.0;9.0;1.0;0.0;0.0;9.0;1.0;0.0
SP140;17.0;2.0;16.0;2.0;1.0;3.0;14.0;2.0;0.0
SP140L;13.0;2.0;12.0;1.0;2.0;4.0;10.0;1.0;0.0
SP2;12.0;1.0;12.0;1.0;0.0;2.0;10.0;0.0;1.0
SP3;14.0;1.0;14.0;1.0;0.0;2.0;12.0;1.0;0.0
SP4;7.0;1.0;7.0;1.0;0.0;0.0;7.0;1.0;0.0
SP6;18.0;1.0;18.0;1.0;0.0;3.0;15.0;0.0;1.0
SPDEF;3.0;1.0;3.0;1.0;0.0;0.0;3.0;0.0;1.0
SPEN;16.0;0.0;15.0;0.0;1.0;2.0;14.0;0.0;0.0
SPI1;10.0;0.0;10.0;0.0;0.0;2.0;8.0;0.0;0.0
SPIB;9.0;0.0;7.0;1.0;1.0;1.0;7.0;1.0;0.0
SRCAP;18.0;2.0;18.0;1.0;1.0;5.0;14.0;0.0;1.0
SREBF2;14.0;1.0;14.0;1.0;0.0;2.0;12.0;0.0;1.0
SRF;12.0;1.0;12.0;1.0;0.0;1.0;11.0;0.0;1.0
STAT1;12.0;2.0;12.0;1.0;1.0;2.0;11.0;1.0;0.0
STAT2;13.0;1.0;13.0;0.0;1.0;3.0;11.0;0.0;0.0
STAT3;20.0;1.0;20.0;0.0;1.0;4.0;17.0;0.0;0.0
STAT4;10.0;1.0;10.0;1.0;0.0;2.0;8.0;1.0;0.0
STAT5A;16.0;2.0;15.0;2.0;1.0;4.0;12.0;1.0;1.0
STAT5B;21.0;2.0;21.0;1.0;1.0;4.0;18.0;0.0;1.0
STAT6;4.0;0.0;4.0;0.0;0.0;0.0;4.0;0.0;0.0
TAL1;6.0;0.0;6.0;0.0;0.0;1.0;5.0;0.0;0.0
TBPL1;9.0;1.0;9.0;1.0;0.0;2.0;7.0;0.0;1.0
TBX15;13.0;0.0;12.0;0.0;1.0;3.0;10.0;0.0;0.0
TBX2;3.0;0.0;3.0;0.0;0.0;0.0;3.0;0.0;0.0
TBX21;22.0;2.0;22.0;1.0;1.0;5.0;18.0;0.0;1.0
TBX3;2.0;0.0;2.0;0.0;0.0;0.0;2.0;0.0;0.0
TCF12;22.0;1.0;22.0;1.0;0.0;3.0;19.0;0.0;1.0
TCF20;23.0;0.0;23.0;0.0;0.0;2.0;21.0;0.0;0.0
TCF3;13.0;3.0;12.0;2.0;2.0;3.0;11.0;0.0;2.0
TCF4;42.0;5.0;41.0;4.0;2.0;8.0;35.0;0.0;4.0
TCF7;17.0;1.0;16.0;1.0;1.0;5.0;12.0;0.0;1.0
TCF7L1;2.0;1.0;2.0;1.0;0.0;1.0;1.0;1.0;0.0
TEAD1;14.0;1.0;14.0;0.0;1.0;4.0;11.0;0.0;0.0
TEAD2;12.0;1.0;10.0;2.0;1.0;2.0;9.0;1.0;1.0
TEAD3;8.0;1.0;8.0;1.0;0.0;0.0;8.0;0.0;1.0
TEAD4;20.0;1.0;19.0;1.0;1.0;3.0;17.0;0.0;1.0
TERF1;33.0;3.0;30.0;4.0;2.0;9.0;23.0;2.0;2.0
TERF2;12.0;0.0;12.0;0.0;0.0;3.0;9.0;0.0;0.0
TET2;3.0;0.0;3.0;0.0;0.0;0.0;3.0;0.0;0.0
TET3;13.0;2.0;13.0;1.0;1.0;3.0;11.0;1.0;0.0
TFAP2A;11.0;2.0;11.0;1.0;1.0;2.0;10.0;0.0;1.0
TFCP2;23.0;1.0;22.0;1.0;1.0;5.0;18.0;1.0;0.0
TFCP2L1;10.0;0.0;10.0;0.0;0.0;1.0;9.0;0.0;0.0
TFDP1;37.0;2.0;33.0;3.0;3.0;8.0;28.0;3.0;0.0
TFDP2;6.0;0.0;6.0;0.0;0.0;0.0;6.0;0.0;0.0
TFE3;16.0;2.0;14.0;2.0;2.0;5.0;11.0;0.0;2.0
TFEC;25.0;1.0;24.0;2.0;0.0;5.0;19.0;2.0;0.0
TGIF1;5.0;1.0;5.0;0.0;1.0;2.0;4.0;0.0;0.0
TGIF2;40.0;0.0;40.0;0.0;0.0;6.0;34.0;0.0;0.0
THAP1;20.0;3.0;17.0;5.0;1.0;4.0;14.0;2.0;3.0
THAP10;0.0;1.0;0.0;0.0;1.0;1.0;0.0;0.0;0.0
THAP3;20.0;0.0;20.0;0.0;0.0;3.0;17.0;0.0;0.0
THAP4;14.0;3.0;14.0;2.0;1.0;3.0;12.0;1.0;1.0
THAP5;29.0;1.0;27.0;2.0;1.0;6.0;22.0;2.0;0.0
THAP6;14.0;0.0;14.0;0.0;0.0;2.0;12.0;0.0;0.0
THAP7;22.0;0.0;22.0;0.0;0.0;3.0;19.0;0.0;0.0
THAP8;10.0;0.0;9.0;1.0;0.0;1.0;8.0;1.0;0.0
THRA;21.0;2.0;20.0;2.0;1.0;4.0;17.0;1.0;1.0
THRB;13.0;0.0;13.0;0.0;0.0;2.0;11.0;0.0;0.0
THYN1;14.0;1.0;14.0;1.0;0.0;3.0;11.0;0.0;1.0
TIGD1;5.0;1.0;5.0;0.0;1.0;2.0;4.0;0.0;0.0
TIGD2;14.0;0.0;14.0;0.0;0.0;1.0;13.0;0.0;0.0
TIGD4;16.0;1.0;16.0;1.0;0.0;1.0;15.0;0.0;1.0
TIGD5;30.0;2.0;28.0;4.0;0.0;6.0;22.0;2.0;2.0
TMF1;14.0;0.0;13.0;1.0;0.0;2.0;11.0;1.0;0.0
TOPORS;15.0;2.0;15.0;1.0;1.0;3.0;13.0;0.0;1.0
TP53;21.0;1.0;19.0;2.0;1.0;2.0;18.0;1.0;1.0
TP63;2.0;0.0;2.0;0.0;0.0;1.0;1.0;0.0;0.0
TP73;25.0;0.0;25.0;0.0;0.0;5.0;20.0;0.0;0.0
TRAFD1;2.0;0.0;2.0;0.0;0.0;0.0;2.0;0.0;0.0
TRERF1;4.0;1.0;3.0;1.0;1.0;1.0;3.0;0.0;1.0
TSC22D1;16.0;1.0;15.0;1.0;1.0;1.0;15.0;1.0;0.0
TSHZ1;4.0;2.0;4.0;1.0;1.0;2.0;3.0;0.0;1.0
TSHZ2;23.0;1.0;22.0;0.0;2.0;4.0;20.0;0.0;0.0
TSHZ3;20.0;2.0;16.0;2.0;4.0;5.0;15.0;1.0;1.0
TTF1;1.0;2.0;1.0;2.0;0.0;0.0;1.0;0.0;2.0
TWIST1;13.0;1.0;12.0;1.0;1.0;2.0;11.0;1.0;0.0
TWIST2;13.0;2.0;13.0;1.0;1.0;3.0;11.0;1.0;0.0
UBP1;13.0;0.0;12.0;0.0;1.0;3.0;10.0;0.0;0.0
USF1;10.0;2.0;9.0;1.0;2.0;4.0;7.0;0.0;1.0
USF2;5.0;0.0;4.0;1.0;0.0;1.0;3.0;1.0;0.0
VDR;12.0;0.0;12.0;0.0;0.0;2.0;10.0;0.0;0.0
VENTX;9.0;0.0;9.0;0.0;0.0;1.0;8.0;0.0;0.0
VEZF1;23.0;2.0;23.0;1.0;1.0;5.0;19.0;0.0;1.0
WIZ;17.0;3.0;16.0;2.0;2.0;3.0;15.0;0.0;2.0
XBP1;13.0;0.0;13.0;0.0;0.0;1.0;12.0;0.0;0.0
XPA;16.0;0.0;16.0;0.0;0.0;2.0;14.0;0.0;0.0
YBX1;11.0;0.0;11.0;0.0;0.0;1.0;10.0;0.0;0.0
YBX3;12.0;0.0;12.0;0.0;0.0;0.0;12.0;0.0;0.0
YY1;20.0;1.0;20.0;1.0;0.0;2.0;18.0;0.0;1.0
ZBED3;9.0;0.0;8.0;0.0;1.0;3.0;6.0;0.0;0.0
ZBED4;20.0;1.0;18.0;2.0;1.0;3.0;16.0;1.0;1.0
ZBED5;12.0;1.0;12.0;0.0;1.0;3.0;10.0;0.0;0.0
ZBED6;15.0;2.0;14.0;1.0;2.0;4.0;12.0;0.0;1.0
ZBTB1;16.0;0.0;16.0;0.0;0.0;0.0;16.0;0.0;0.0
ZBTB10;26.0;2.0;24.0;2.0;2.0;6.0;20.0;1.0;1.0
ZBTB11;16.0;1.0;15.0;2.0;0.0;2.0;13.0;1.0;1.0
ZBTB12;13.0;2.0;13.0;1.0;1.0;3.0;11.0;0.0;1.0
ZBTB14;32.0;4.0;32.0;3.0;1.0;5.0;28.0;0.0;3.0
ZBTB17;22.0;0.0;22.0;0.0;0.0;5.0;17.0;0.0;0.0
ZBTB21;12.0;1.0;12.0;1.0;0.0;1.0;11.0;0.0;1.0
ZBTB24;6.0;1.0;6.0;0.0;1.0;1.0;6.0;0.0;0.0
ZBTB26;10.0;2.0;10.0;2.0;0.0;1.0;9.0;0.0;2.0
ZBTB32;9.0;1.0;8.0;2.0;0.0;1.0;7.0;1.0;1.0
ZBTB33;19.0;3.0;17.0;2.0;3.0;6.0;14.0;0.0;2.0
ZBTB37;10.0;2.0;9.0;1.0;2.0;4.0;7.0;0.0;1.0
ZBTB38;14.0;1.0;14.0;1.0;0.0;2.0;12.0;0.0;1.0
ZBTB39;8.0;0.0;8.0;0.0;0.0;0.0;8.0;0.0;0.0
ZBTB4;35.0;3.0;34.0;2.0;2.0;6.0;30.0;0.0;2.0
ZBTB40;9.0;0.0;9.0;0.0;0.0;1.0;8.0;0.0;0.0
ZBTB41;18.0;2.0;17.0;1.0;2.0;5.0;14.0;0.0;1.0
ZBTB42;18.0;0.0;18.0;0.0;0.0;3.0;15.0;0.0;0.0
ZBTB44;13.0;1.0;12.0;0.0;2.0;4.0;10.0;0.0;0.0
ZBTB45;14.0;1.0;12.0;2.0;1.0;3.0;10.0;1.0;1.0
ZBTB46;42.0;1.0;41.0;0.0;2.0;9.0;34.0;0.0;0.0
ZBTB47;15.0;0.0;14.0;0.0;1.0;3.0;12.0;0.0;0.0
ZBTB48;1.0;0.0;1.0;0.0;0.0;0.0;1.0;0.0;0.0
ZBTB5;10.0;2.0;10.0;1.0;1.0;3.0;8.0;0.0;1.0
ZBTB6;2.0;0.0;2.0;0.0;0.0;0.0;2.0;0.0;0.0
ZBTB7A;6.0;1.0;5.0;1.0;1.0;2.0;4.0;0.0;1.0
ZBTB7C;24.0;5.0;24.0;4.0;1.0;5.0;20.0;0.0;4.0
ZBTB9;10.0;1.0;10.0;1.0;0.0;1.0;9.0;0.0;1.0
ZC3H8;6.0;2.0;6.0;1.0;1.0;2.0;5.0;1.0;0.0
ZEB1;22.0;1.0;20.0;1.0;2.0;6.0;16.0;1.0;0.0
ZEB2;11.0;1.0;11.0;1.0;0.0;1.0;10.0;1.0;0.0
ZFAT;28.0;4.0;26.0;4.0;2.0;7.0;21.0;1.0;3.0
ZFHX3;20.0;0.0;18.0;1.0;1.0;5.0;14.0;1.0;0.0
ZFHX4;11.0;3.0;10.0;3.0;1.0;4.0;7.0;1.0;2.0
ZFP1;1.0;0.0;1.0;0.0;0.0;0.0;1.0;0.0;0.0
ZFP14;5.0;1.0;3.0;2.0;1.0;2.0;2.0;1.0;1.0
ZFP3;3.0;0.0;2.0;1.0;0.0;0.0;2.0;1.0;0.0
ZFP30;13.0;2.0;11.0;2.0;2.0;3.0;10.0;1.0;1.0
ZFP37;1.0;1.0;1.0;1.0;0.0;0.0;1.0;0.0;1.0
ZFP41;34.0;3.0;31.0;4.0;2.0;10.0;23.0;2.0;2.0
ZFP64;46.0;1.0;45.0;0.0;2.0;10.0;37.0;0.0;0.0
ZFP82;4.0;1.0;2.0;2.0;1.0;2.0;1.0;1.0;1.0
ZFP90;5.0;0.0;5.0;0.0;0.0;1.0;4.0;0.0;0.0
ZFP91;8.0;1.0;8.0;0.0;1.0;3.0;6.0;0.0;0.0
ZFPM2;30.0;3.0;27.0;4.0;2.0;9.0;20.0;2.0;2.0
ZFX;1.0;0.0;1.0;0.0;0.0;0.0;1.0;0.0;0.0
ZGLP1;11.0;2.0;11.0;2.0;0.0;1.0;10.0;0.0;2.0
ZGPAT;49.0;1.0;46.0;1.0;3.0;11.0;38.0;1.0;0.0
ZHX1;33.0;3.0;30.0;4.0;2.0;9.0;23.0;2.0;2.0
ZHX3;39.0;0.0;39.0;0.0;0.0;7.0;32.0;0.0;0.0
ZKSCAN1;30.0;2.0;29.0;2.0;1.0;8.0;22.0;2.0;0.0
ZKSCAN2;2.0;0.0;2.0;0.0;0.0;0.0;2.0;0.0;0.0
ZKSCAN3;4.0;1.0;4.0;1.0;0.0;0.0;4.0;0.0;1.0
ZKSCAN4;1.0;2.0;1.0;1.0;1.0;1.0;1.0;0.0;1.0
ZKSCAN5;30.0;2.0;29.0;2.0;1.0;8.0;22.0;2.0;0.0
ZKSCAN8;11.0;2.0;11.0;1.0;1.0;2.0;10.0;0.0;1.0
ZMAT1;9.0;0.0;9.0;0.0;0.0;2.0;7.0;0.0;0.0
ZNF10;9.0;1.0;9.0;0.0;1.0;2.0;8.0;0.0;0.0
ZNF107;1.0;0.0;0.0;1.0;0.0;0.0;0.0;1.0;0.0
ZNF112;4.0;2.0;2.0;3.0;1.0;1.0;2.0;2.0;1.0
ZNF117;6.0;2.0;6.0;1.0;1.0;2.0;5.0;0.0;1.0
ZNF12;27.0;2.0;26.0;2.0;1.0;5.0;22.0;2.0;0.0
ZNF121;10.0;1.0;9.0;0.0;2.0;3.0;8.0;0.0;0.0
ZNF124;5.0;0.0;5.0;0.0;0.0;0.0;5.0;0.0;0.0
ZNF131;9.0;1.0;9.0;1.0;0.0;2.0;7.0;0.0;1.0
ZNF132;7.0;0.0;7.0;0.0;0.0;1.0;6.0;0.0;0.0
ZNF133;35.0;0.0;33.0;0.0;2.0;3.0;32.0;0.0;0.0
ZNF134;1.0;0.0;0.0;0.0;1.0;1.0;0.0;0.0;0.0
ZNF135;7.0;1.0;5.0;2.0;1.0;2.0;4.0;1.0;1.0
ZNF136;4.0;0.0;4.0;0.0;0.0;0.0;4.0;0.0;0.0
ZNF138;28.0;2.0;28.0;1.0;1.0;7.0;22.0;1.0;0.0
ZNF14;8.0;1.0;8.0;0.0;1.0;1.0;8.0;0.0;0.0
ZNF140;13.0;0.0;13.0;0.0;0.0;1.0;12.0;0.0;0.0
ZNF142;18.0;2.0;16.0;2.0;2.0;4.0;14.0;2.0;0.0
ZNF146;14.0;2.0;12.0;2.0;2.0;3.0;11.0;1.0;1.0
ZNF148;13.0;1.0;13.0;1.0;0.0;2.0;11.0;0.0;1.0
ZNF154;1.0;0.0;0.0;0.0;1.0;1.0;0.0;0.0;0.0
ZNF16;7.0;0.0;7.0;0.0;0.0;1.0;6.0;0.0;0.0
ZNF160;10.0;0.0;9.0;1.0;0.0;1.0;8.0;1.0;0.0
ZNF165;9.0;2.0;9.0;1.0;1.0;1.0;9.0;0.0;1.0
ZNF174;13.0;0.0;13.0;0.0;0.0;3.0;10.0;0.0;0.0
ZNF177;3.0;1.0;3.0;1.0;0.0;1.0;2.0;0.0;1.0
ZNF18;3.0;0.0;3.0;0.0;0.0;0.0;3.0;0.0;0.0
ZNF180;6.0;1.0;4.0;2.0;1.0;2.0;3.0;1.0;1.0
ZNF182;15.0;2.0;14.0;2.0;1.0;3.0;12.0;0.0;2.0
ZNF195;6.0;0.0;6.0;0.0;0.0;0.0;6.0;0.0;0.0
ZNF197;5.0;0.0;4.0;0.0;1.0;2.0;3.0;0.0;0.0
ZNF2;8.0;1.0;7.0;2.0;0.0;1.0;6.0;2.0;0.0
ZNF200;1.0;0.0;1.0;0.0;0.0;0.0;1.0;0.0;0.0
ZNF202;5.0;0.0;5.0;0.0;0.0;1.0;4.0;0.0;0.0
ZNF205;20.0;0.0;20.0;0.0;0.0;4.0;16.0;0.0;0.0
ZNF207;21.0;2.0;21.0;1.0;1.0;5.0;17.0;0.0;1.0
ZNF212;29.0;1.0;28.0;2.0;0.0;5.0;23.0;2.0;0.0
ZNF213;8.0;0.0;8.0;0.0;0.0;1.0;7.0;0.0;0.0
ZNF214;4.0;0.0;4.0;0.0;0.0;0.0;4.0;0.0;0.0
ZNF217;23.0;0.0;23.0;0.0;0.0;3.0;20.0;0.0;0.0
ZNF219;7.0;0.0;7.0;0.0;0.0;0.0;7.0;0.0;0.0
ZNF22;14.0;0.0;14.0;0.0;0.0;2.0;12.0;0.0;0.0
ZNF223;2.0;0.0;1.0;1.0;0.0;0.0;1.0;1.0;0.0
ZNF224;14.0;1.0;11.0;2.0;2.0;3.0;10.0;1.0;1.0
ZNF225;2.0;1.0;0.0;2.0;1.0;1.0;0.0;1.0;1.0
ZNF227;13.0;1.0;11.0;2.0;1.0;3.0;9.0;1.0;1.0
ZNF23;14.0;0.0;14.0;0.0;0.0;3.0;11.0;0.0;0.0
ZNF230;6.0;1.0;4.0;2.0;1.0;2.0;3.0;1.0;1.0
ZNF233;2.0;0.0;0.0;1.0;1.0;1.0;0.0;1.0;0.0
ZNF234;7.0;1.0;5.0;2.0;1.0;2.0;4.0;1.0;1.0
ZNF236;36.0;5.0;35.0;4.0;2.0;7.0;30.0;0.0;4.0
ZNF24;36.0;4.0;36.0;3.0;1.0;4.0;33.0;0.0;3.0
ZNF248;4.0;0.0;4.0;0.0;0.0;1.0;3.0;0.0;0.0
ZNF25;18.0;1.0;18.0;0.0;1.0;5.0;14.0;0.0;0.0
ZNF251;34.0;3.0;31.0;4.0;2.0;10.0;23.0;2.0;2.0
ZNF253;6.0;2.0;5.0;2.0;1.0;2.0;4.0;0.0;2.0
ZNF254;2.0;0.0;2.0;0.0;0.0;0.0;2.0;0.0;0.0
ZNF260;10.0;2.0;10.0;1.0;1.0;2.0;9.0;0.0;1.0
ZNF263;16.0;1.0;15.0;1.0;1.0;3.0;13.0;0.0;1.0
ZNF266;7.0;1.0;5.0;0.0;3.0;4.0;4.0;0.0;0.0
ZNF267;19.0;1.0;19.0;0.0;1.0;5.0;15.0;0.0;0.0
ZNF268;10.0;0.0;10.0;0.0;0.0;0.0;10.0;0.0;0.0
ZNF273;1.0;0.0;1.0;0.0;0.0;0.0;1.0;0.0;0.0
ZNF275;11.0;1.0;9.0;2.0;1.0;1.0;9.0;1.0;1.0
ZNF276;12.0;0.0;11.0;1.0;0.0;2.0;9.0;1.0;0.0
ZNF277;24.0;1.0;23.0;2.0;0.0;4.0;19.0;2.0;0.0
ZNF280D;15.0;1.0;15.0;1.0;0.0;2.0;13.0;0.0;1.0
ZNF282;30.0;1.0;28.0;2.0;1.0;7.0;22.0;2.0;0.0
ZNF284;3.0;0.0;2.0;0.0;1.0;2.0;1.0;0.0;0.0
ZNF292;6.0;1.0;6.0;0.0;1.0;2.0;5.0;0.0;0.0
ZNF296;9.0;0.0;8.0;1.0;0.0;1.0;7.0;1.0;0.0
ZNF302;9.0;2.0;7.0;2.0;2.0;3.0;6.0;1.0;1.0
ZNF304;3.0;1.0;1.0;2.0;1.0;1.0;1.0;1.0;1.0
ZNF311;0.0;1.0;0.0;1.0;0.0;0.0;0.0;0.0;1.0
ZNF317;14.0;2.0;13.0;1.0;2.0;3.0;12.0;0.0;1.0
ZNF318;15.0;1.0;15.0;1.0;0.0;2.0;13.0;0.0;1.0
ZNF319;8.0;0.0;8.0;0.0;0.0;2.0;6.0;0.0;0.0
ZNF32;18.0;1.0;18.0;0.0;1.0;4.0;15.0;0.0;0.0
ZNF320;3.0;1.0;1.0;2.0;1.0;1.0;1.0;1.0;1.0
ZNF322;14.0;2.0;14.0;1.0;1.0;3.0;12.0;0.0;1.0
ZNF324;4.0;1.0;2.0;2.0;1.0;1.0;2.0;1.0;1.0
ZNF324B;4.0;1.0;4.0;1.0;0.0;0.0;4.0;0.0;1.0
ZNF326;15.0;0.0;14.0;0.0;1.0;3.0;12.0;0.0;0.0
ZNF329;1.0;0.0;0.0;1.0;0.0;0.0;0.0;1.0;0.0
ZNF333;7.0;1.0;7.0;1.0;0.0;1.0;6.0;0.0;1.0
ZNF335;48.0;1.0;46.0;0.0;3.0;11.0;38.0;0.0;0.0
ZNF337;40.0;0.0;40.0;0.0;0.0;4.0;36.0;0.0;0.0
ZNF33A;8.0;1.0;7.0;0.0;2.0;4.0;5.0;0.0;0.0
ZNF33B;5.0;1.0;5.0;0.0;1.0;2.0;4.0;0.0;0.0
ZNF341;38.0;1.0;38.0;0.0;1.0;7.0;32.0;0.0;0.0
ZNF343;8.0;0.0;8.0;0.0;0.0;2.0;6.0;0.0;0.0
ZNF354A;1.0;0.0;1.0;0.0;0.0;0.0;1.0;0.0;0.0
ZNF354B;10.0;0.0;9.0;0.0;1.0;2.0;8.0;0.0;0.0
ZNF354C;4.0;1.0;3.0;1.0;1.0;1.0;3.0;0.0;1.0
ZNF358;5.0;0.0;5.0;0.0;0.0;0.0;5.0;0.0;0.0
ZNF362;19.0;0.0;19.0;0.0;0.0;4.0;15.0;0.0;0.0
ZNF366;5.0;0.0;5.0;0.0;0.0;1.0;4.0;0.0;0.0
ZNF367;8.0;1.0;8.0;1.0;0.0;1.0;7.0;0.0;1.0
ZNF37A;3.0;0.0;2.0;0.0;1.0;1.0;2.0;0.0;0.0
ZNF383;1.0;0.0;0.0;0.0;1.0;1.0;0.0;0.0;0.0
ZNF384;21.0;0.0;21.0;0.0;0.0;3.0;18.0;0.0;0.0
ZNF385A;7.0;1.0;7.0;0.0;1.0;2.0;6.0;0.0;0.0
ZNF385D;4.0;0.0;4.0;0.0;0.0;2.0;2.0;0.0;0.0
ZNF394;10.0;0.0;10.0;0.0;0.0;3.0;7.0;0.0;0.0
ZNF395;12.0;1.0;11.0;2.0;0.0;4.0;7.0;1.0;1.0
ZNF396;17.0;4.0;17.0;3.0;1.0;2.0;16.0;0.0;3.0
ZNF397;22.0;3.0;22.0;2.0;1.0;3.0;20.0;0.0;2.0
ZNF398;27.0;1.0;26.0;2.0;0.0;5.0;21.0;2.0;0.0
ZNF407;33.0;3.0;31.0;3.0;2.0;4.0;29.0;0.0;3.0
ZNF408;6.0;0.0;6.0;0.0;0.0;1.0;5.0;0.0;0.0
ZNF41;12.0;2.0;11.0;2.0;1.0;2.0;10.0;0.0;2.0
ZNF410;15.0;0.0;15.0;0.0;0.0;0.0;15.0;0.0;0.0
ZNF414;8.0;2.0;7.0;1.0;2.0;3.0;6.0;0.0;1.0
ZNF416;6.0;1.0;4.0;2.0;1.0;2.0;3.0;1.0;1.0
ZNF423;12.0;1.0;12.0;1.0;0.0;2.0;10.0;0.0;1.0
ZNF426;9.0;1.0;9.0;1.0;0.0;1.0;8.0;0.0;1.0
ZNF428;12.0;1.0;11.0;2.0;0.0;1.0;10.0;1.0;1.0
ZNF43;2.0;0.0;2.0;0.0;0.0;0.0;2.0;0.0;0.0
ZNF430;2.0;0.0;0.0;1.0;1.0;1.0;0.0;1.0;0.0
ZNF432;3.0;1.0;2.0;2.0;0.0;1.0;1.0;1.0;1.0
ZNF44;2.0;0.0;2.0;0.0;0.0;0.0;2.0;0.0;0.0
ZNF440;12.0;2.0;11.0;1.0;2.0;3.0;10.0;0.0;1.0
ZNF441;7.0;2.0;5.0;2.0;2.0;3.0;4.0;0.0;2.0
ZNF443;3.0;0.0;2.0;0.0;1.0;1.0;2.0;0.0;0.0
ZNF444;14.0;1.0;12.0;2.0;1.0;3.0;10.0;1.0;1.0
ZNF445;7.0;0.0;7.0;0.0;0.0;1.0;6.0;0.0;0.0
ZNF446;17.0;1.0;14.0;2.0;2.0;4.0;12.0;1.0;1.0
ZNF449;3.0;1.0;3.0;1.0;0.0;0.0;3.0;0.0;1.0
ZNF45;7.0;1.0;5.0;2.0;1.0;2.0;4.0;1.0;1.0
ZNF451;15.0;2.0;15.0;1.0;1.0;3.0;13.0;0.0;1.0
ZNF469;15.0;0.0;15.0;0.0;0.0;1.0;14.0;0.0;0.0
ZNF473;5.0;1.0;5.0;1.0;0.0;1.0;4.0;0.0;1.0
ZNF474;19.0;1.0;18.0;1.0;1.0;5.0;14.0;0.0;1.0
ZNF48;11.0;1.0;11.0;0.0;1.0;3.0;9.0;0.0;0.0
ZNF493;6.0;1.0;6.0;1.0;0.0;1.0;5.0;0.0;1.0
ZNF496;8.0;1.0;7.0;1.0;1.0;1.0;7.0;0.0;1.0
ZNF497;2.0;0.0;2.0;0.0;0.0;0.0;2.0;0.0;0.0
ZNF500;12.0;0.0;12.0;0.0;0.0;2.0;10.0;0.0;0.0
ZNF502;9.0;0.0;9.0;0.0;0.0;1.0;8.0;0.0;0.0
ZNF503;1.0;0.0;1.0;0.0;0.0;0.0;1.0;0.0;0.0
ZNF507;15.0;2.0;13.0;2.0;2.0;3.0;12.0;1.0;1.0
ZNF510;14.0;1.0;13.0;1.0;1.0;2.0;12.0;0.0;1.0
ZNF511;18.0;0.0;18.0;0.0;0.0;3.0;15.0;0.0;0.0
ZNF512;10.0;2.0;10.0;1.0;1.0;3.0;8.0;1.0;0.0
ZNF512B;29.0;0.0;29.0;0.0;0.0;4.0;25.0;0.0;0.0
ZNF513;16.0;1.0;15.0;0.0;2.0;5.0;12.0;0.0;0.0
ZNF514;6.0;1.0;6.0;1.0;0.0;1.0;5.0;1.0;0.0
ZNF516;19.0;3.0;18.0;4.0;0.0;3.0;15.0;1.0;3.0
ZNF517;31.0;3.0;27.0;4.0;3.0;10.0;20.0;2.0;2.0
ZNF518A;5.0;0.0;5.0;0.0;0.0;2.0;3.0;0.0;0.0
ZNF521;38.0;3.0;37.0;2.0;2.0;7.0;32.0;0.0;2.0
ZNF524;17.0;1.0;15.0;2.0;1.0;4.0;12.0;1.0;1.0
ZNF526;12.0;1.0;11.0;2.0;0.0;1.0;10.0;1.0;1.0
ZNF527;1.0;0.0;1.0;0.0;0.0;0.0;1.0;0.0;0.0
ZNF528;2.0;0.0;2.0;0.0;0.0;1.0;1.0;0.0;0.0
ZNF529;6.0;1.0;4.0;2.0;1.0;2.0;3.0;1.0;1.0
ZNF532;43.0;5.0;42.0;4.0;2.0;8.0;36.0;0.0;4.0
ZNF541;10.0;0.0;8.0;1.0;1.0;2.0;7.0;1.0;0.0
ZNF543;1.0;1.0;0.0;1.0;1.0;1.0;0.0;0.0;1.0
ZNF546;1.0;0.0;1.0;0.0;0.0;0.0;1.0;0.0;0.0
ZNF548;3.0;1.0;2.0;1.0;1.0;1.0;2.0;0.0;1.0
ZNF549;4.0;1.0;2.0;2.0;1.0;1.0;2.0;1.0;1.0
ZNF550;1.0;0.0;0.0;0.0;1.0;1.0;0.0;0.0;0.0
ZNF552;9.0;0.0;8.0;0.0;1.0;1.0;8.0;0.0;0.0
ZNF557;2.0;0.0;1.0;0.0;1.0;1.0;1.0;0.0;0.0
ZNF558;12.0;0.0;11.0;0.0;1.0;2.0;10.0;0.0;0.0
ZNF561;1.0;0.0;0.0;0.0;1.0;1.0;0.0;0.0;0.0
ZNF562;8.0;0.0;8.0;0.0;0.0;0.0;8.0;0.0;0.0
ZNF564;4.0;2.0;3.0;2.0;1.0;2.0;2.0;0.0;2.0
ZNF568;2.0;0.0;1.0;0.0;1.0;1.0;1.0;0.0;0.0
ZNF57;1.0;1.0;1.0;1.0;0.0;0.0;1.0;0.0;1.0
ZNF572;32.0;3.0;29.0;4.0;2.0;8.0;23.0;2.0;2.0
ZNF574;14.0;1.0;12.0;2.0;1.0;2.0;11.0;1.0;1.0
ZNF576;13.0;1.0;11.0;2.0;1.0;2.0;10.0;1.0;1.0
ZNF579;1.0;0.0;1.0;0.0;0.0;0.0;1.0;0.0;0.0
ZNF580;7.0;0.0;7.0;0.0;0.0;0.0;7.0;0.0;0.0
ZNF581;15.0;0.0;13.0;1.0;1.0;4.0;10.0;1.0;0.0
ZNF585A;6.0;2.0;5.0;1.0;2.0;3.0;4.0;0.0;1.0
ZNF585B;4.0;1.0;3.0;1.0;1.0;1.0;3.0;0.0;1.0
ZNF587;16.0;1.0;14.0;2.0;1.0;3.0;12.0;1.0;1.0
ZNF587B;1.0;0.0;1.0;0.0;0.0;0.0;1.0;0.0;0.0
ZNF589;3.0;0.0;3.0;0.0;0.0;1.0;2.0;0.0;0.0
ZNF592;14.0;1.0;12.0;1.0;2.0;3.0;11.0;1.0;0.0
ZNF594;16.0;2.0;16.0;1.0;1.0;2.0;15.0;0.0;1.0
ZNF598;20.0;0.0;20.0;0.0;0.0;4.0;16.0;0.0;0.0
ZNF599;9.0;1.0;9.0;0.0;1.0;2.0;8.0;0.0;0.0
ZNF605;14.0;0.0;13.0;1.0;0.0;2.0;11.0;1.0;0.0
ZNF606;2.0;0.0;1.0;0.0;1.0;1.0;1.0;0.0;0.0
ZNF607;6.0;0.0;5.0;1.0;0.0;0.0;5.0;1.0;0.0
ZNF609;15.0;1.0;14.0;1.0;1.0;3.0;12.0;1.0;0.0
ZNF614;5.0;0.0;4.0;1.0;0.0;0.0;4.0;1.0;0.0
ZNF615;1.0;0.0;0.0;1.0;0.0;0.0;0.0;1.0;0.0
ZNF616;9.0;1.0;7.0;2.0;1.0;2.0;6.0;1.0;1.0
ZNF618;1.0;1.0;1.0;1.0;0.0;0.0;1.0;0.0;1.0
ZNF619;2.0;0.0;2.0;0.0;0.0;0.0;2.0;0.0;0.0
ZNF621;14.0;0.0;14.0;0.0;0.0;2.0;12.0;0.0;0.0
ZNF623;33.0;3.0;30.0;4.0;2.0;9.0;23.0;2.0;2.0
ZNF627;14.0;3.0;13.0;2.0;2.0;3.0;12.0;0.0;2.0
ZNF628;12.0;0.0;11.0;0.0;1.0;4.0;8.0;0.0;0.0
ZNF629;21.0;2.0;20.0;1.0;2.0;6.0;16.0;0.0;1.0
ZNF639;7.0;1.0;7.0;1.0;0.0;1.0;6.0;0.0;1.0
ZNF644;8.0;0.0;7.0;1.0;0.0;1.0;6.0;1.0;0.0
ZNF646;24.0;1.0;23.0;0.0;2.0;6.0;19.0;0.0;0.0
ZNF652;3.0;1.0;3.0;1.0;0.0;1.0;2.0;0.0;1.0
ZNF653;1.0;0.0;1.0;0.0;0.0;0.0;1.0;0.0;0.0
ZNF654;14.0;1.0;14.0;1.0;0.0;2.0;12.0;0.0;1.0
ZNF655;5.0;1.0;5.0;1.0;0.0;0.0;5.0;1.0;0.0
ZNF658;3.0;0.0;3.0;0.0;0.0;0.0;3.0;0.0;0.0
ZNF664;20.0;0.0;19.0;0.0;1.0;4.0;16.0;0.0;0.0
ZNF668;18.0;1.0;17.0;0.0;2.0;6.0;13.0;0.0;0.0
ZNF669;14.0;0.0;13.0;0.0;1.0;5.0;9.0;0.0;0.0
ZNF671;3.0;0.0;1.0;1.0;1.0;1.0;1.0;1.0;0.0
ZNF672;14.0;2.0;13.0;1.0;2.0;4.0;11.0;0.0;1.0
ZNF675;15.0;1.0;14.0;0.0;2.0;3.0;13.0;0.0;0.0
ZNF678;8.0;0.0;7.0;1.0;0.0;0.0;7.0;1.0;0.0
ZNF680;31.0;2.0;30.0;2.0;1.0;8.0;23.0;2.0;0.0
ZNF683;15.0;1.0;15.0;1.0;0.0;1.0;14.0;0.0;1.0
ZNF687;19.0;2.0;17.0;1.0;3.0;6.0;14.0;0.0;1.0
ZNF688;11.0;1.0;11.0;0.0;1.0;3.0;9.0;0.0;0.0
ZNF689;2.0;0.0;2.0;0.0;0.0;1.0;1.0;0.0;0.0
ZNF69;4.0;1.0;4.0;0.0;1.0;1.0;4.0;0.0;0.0
ZNF691;4.0;0.0;4.0;0.0;0.0;0.0;4.0;0.0;0.0
ZNF692;18.0;2.0;17.0;1.0;2.0;5.0;14.0;0.0;1.0
ZNF696;32.0;3.0;30.0;3.0;2.0;10.0;22.0;1.0;2.0
ZNF7;31.0;3.0;28.0;4.0;2.0;9.0;21.0;2.0;2.0
ZNF70;1.0;0.0;1.0;0.0;0.0;0.0;1.0;0.0;0.0
ZNF700;10.0;2.0;9.0;1.0;2.0;3.0;8.0;0.0;1.0
ZNF704;28.0;2.0;25.0;4.0;1.0;6.0;20.0;2.0;2.0
ZNF706;34.0;3.0;31.0;4.0;2.0;10.0;23.0;2.0;2.0
ZNF707;35.0;3.0;32.0;4.0;2.0;10.0;24.0;2.0;2.0
ZNF708;1.0;0.0;1.0;0.0;0.0;0.0;1.0;0.0;0.0
ZNF709;2.0;1.0;2.0;1.0;0.0;0.0;2.0;0.0;1.0
ZNF736;12.0;0.0;12.0;0.0;0.0;2.0;10.0;0.0;0.0
ZNF737;1.0;0.0;1.0;0.0;0.0;0.0;1.0;0.0;0.0
ZNF74;18.0;0.0;18.0;0.0;0.0;2.0;16.0;0.0;0.0
ZNF740;16.0;1.0;16.0;0.0;1.0;4.0;13.0;0.0;0.0
ZNF746;31.0;1.0;29.0;2.0;1.0;7.0;23.0;2.0;0.0
ZNF747;7.0;0.0;7.0;0.0;0.0;1.0;6.0;0.0;0.0
ZNF75A;6.0;0.0;6.0;0.0;0.0;0.0;6.0;0.0;0.0
ZNF75D;20.0;3.0;17.0;3.0;3.0;6.0;14.0;1.0;2.0
ZNF76;7.0;1.0;7.0;1.0;0.0;1.0;6.0;0.0;1.0
ZNF761;11.0;1.0;11.0;1.0;0.0;1.0;10.0;0.0;1.0
ZNF765;1.0;0.0;0.0;1.0;0.0;0.0;0.0;1.0;0.0
ZNF766;12.0;1.0;10.0;2.0;1.0;2.0;9.0;1.0;1.0
ZNF768;19.0;1.0;18.0;1.0;1.0;4.0;15.0;1.0;0.0
ZNF770;22.0;1.0;22.0;1.0;0.0;2.0;20.0;0.0;1.0
ZNF771;19.0;1.0;19.0;0.0;1.0;5.0;15.0;0.0;0.0
ZNF773;3.0;1.0;1.0;2.0;1.0;1.0;1.0;1.0;1.0
ZNF775;12.0;0.0;11.0;1.0;0.0;0.0;11.0;1.0;0.0
ZNF776;1.0;0.0;0.0;0.0;1.0;1.0;0.0;0.0;0.0
ZNF777;28.0;1.0;27.0;2.0;0.0;6.0;21.0;2.0;0.0
ZNF783;30.0;3.0;29.0;3.0;1.0;7.0;23.0;2.0;1.0
ZNF784;2.0;0.0;1.0;1.0;0.0;0.0;1.0;1.0;0.0
ZNF785;8.0;1.0;8.0;0.0;1.0;2.0;7.0;0.0;0.0
ZNF786;7.0;1.0;7.0;1.0;0.0;2.0;5.0;1.0;0.0
ZNF787;14.0;1.0;12.0;2.0;1.0;3.0;10.0;1.0;1.0
ZNF789;29.0;1.0;28.0;2.0;0.0;6.0;22.0;2.0;0.0
ZNF791;4.0;1.0;3.0;1.0;1.0;2.0;2.0;0.0;1.0
ZNF792;3.0;1.0;2.0;1.0;1.0;1.0;2.0;1.0;0.0
ZNF793;1.0;0.0;0.0;1.0;0.0;0.0;0.0;1.0;0.0
ZNF8;5.0;0.0;4.0;0.0;1.0;1.0;4.0;0.0;0.0
ZNF800;30.0;1.0;29.0;2.0;0.0;6.0;23.0;2.0;0.0
ZNF813;5.0;0.0;5.0;0.0;0.0;0.0;5.0;0.0;0.0
ZNF816;6.0;1.0;4.0;2.0;1.0;2.0;3.0;1.0;1.0
ZNF823;0.0;1.0;0.0;1.0;0.0;0.0;0.0;0.0;1.0
ZNF827;14.0;0.0;14.0;0.0;0.0;1.0;13.0;0.0;0.0
ZNF829;1.0;0.0;0.0;1.0;0.0;0.0;0.0;1.0;0.0
ZNF83;7.0;0.0;6.0;0.0;1.0;1.0;6.0;0.0;0.0
ZNF831;47.0;1.0;44.0;0.0;4.0;11.0;37.0;0.0;0.0
ZNF837;11.0;1.0;10.0;2.0;0.0;1.0;9.0;1.0;1.0
ZNF84;17.0;1.0;17.0;0.0;1.0;3.0;15.0;0.0;0.0
ZNF841;7.0;0.0;5.0;2.0;0.0;1.0;4.0;2.0;0.0
ZNF844;2.0;1.0;1.0;0.0;2.0;2.0;1.0;0.0;0.0
ZNF845;1.0;0.0;1.0;0.0;0.0;0.0;1.0;0.0;0.0
ZNF853;32.0;2.0;31.0;2.0;1.0;8.0;24.0;2.0;0.0
ZNF865;14.0;1.0;12.0;2.0;1.0;4.0;9.0;1.0;1.0
ZNF891;15.0;1.0;15.0;0.0;1.0;4.0;12.0;0.0;0.0
ZNF91;2.0;0.0;2.0;0.0;0.0;0.0;2.0;0.0;0.0
ZNF92;6.0;1.0;5.0;2.0;0.0;1.0;4.0;2.0;0.0
ZSCAN12;2.0;1.0;2.0;1.0;0.0;0.0;2.0;0.0;1.0
ZSCAN16;10.0;2.0;10.0;1.0;1.0;3.0;8.0;0.0;1.0
ZSCAN18;1.0;0.0;0.0;0.0;1.0;1.0;0.0;0.0;0.0
ZSCAN2;1.0;0.0;1.0;0.0;0.0;0.0;1.0;0.0;0.0
ZSCAN20;3.0;0.0;3.0;0.0;0.0;0.0;3.0;0.0;0.0
ZSCAN25;25.0;1.0;24.0;1.0;1.0;7.0;18.0;1.0;0.0
ZSCAN29;19.0;1.0;18.0;1.0;1.0;4.0;15.0;0.0;1.0
ZSCAN30;22.0;3.0;22.0;2.0;1.0;4.0;19.0;0.0;2.0
ZSCAN9;1.0;1.0;1.0;1.0;0.0;0.0;1.0;0.0;1.0
ZUFSP;5.0;1.0;5.0;0.0;1.0;3.0;3.0;0.0;0.0
ZXDA;6.0;1.0;6.0;1.0;0.0;0.0;6.0;0.0;1.0
ZXDB;12.0;1.0;12.0;1.0;0.0;2.0;10.0;0.0;1.0
ZXDC;10.0;1.0;10.0;1.0;0.0;2.0;8.0;0.0;1.0
ZZZ3;19.0;0.0;19.0;0.0;0.0;2.0;17.0;0.0;0.0
